Source: ,www.fakedata.com,,,,,,,
generated_date:,2/14/2021,,,,,,,
,,,,,,,,
,,,,,,,,
id,first name,last_name,email,gender,Care Center,languages,NPI,title
1,Arluene,Porcas,aporcas0@quantcast.com,Genderqueer,Tagpad,Quechua,99-5785223,Dr
2,Esmeralda,Hickisson,ehickisson1@instagram.com,Polygender,Kwimbee,Italian,45-8955718,Mrs
3,Anny,Capps,acapps2@twitter.com,Female,Abata,Malagasy,97-0472610,Mrs
4,Papageno,Stonhewer,pstonhewer3@infoseek.co.jp,Male,Meemm,Papiamento,01-1787650,Rev
5,Janette,Swendell,jswendell4@homestead.com,Female,Ailane,Norwegian,24-2332292,Mr
6,Judith,Brognot,jbrognot5@cpanel.net,Polygender,Eadel,Kazakh,21-7914926,Honorable
7,Arie,Bifield,abifield6@alibaba.com,Male,Voomm,Kashmiri,22-0792766,Rev
8,Leann,Enrico,lenrico7@lycos.com,Agender,Thoughtbridge,Spanish,86-2200853,Ms
9,Cairistiona,Pointing,cpointing8@biblegateway.com,Male,Demivee,Danish,90-6991998,Mr
10,Carolin,Shalloo,cshalloo9@mlb.com,Bigender,Zava,Malay,50-0833073,Rev
11,Bobina,Paireman,bpairemana@youtu.be,Female,Dynabox,Nepali,48-5503208,Mrs
12,Emilee,Petrello,epetrellob@addtoany.com,Polygender,Kaymbo,Nepali,59-1940950,Rev
13,Essie,Plenderleith,eplenderleithc@friendfeed.com,Polygender,Feedfish,Guaraní,45-4012488,Mr
14,Abra,Wodham,awodhamd@people.com.cn,Bigender,Roomm,Guaraní,09-8991053,Mrs
15,Guthrie,Donaghy,gdonaghye@ucsd.edu,Polygender,Gigaclub,Arabic,96-5975656,Dr