,,,,,,,,,,,,
,This data is entirely fictional,,,,,,,,,,,
,,,,,,,,,,,,
,,,,,,,,,,,,
ID,provider first,provider last,email address,Sex,Care Center Name,primary language,NPI,title,updated_date,,,
1,Falito,Duffy,fduffy0@skype.com,Polygender,Topicware,Danish,64-2469262,Dr,2015/2/15,,,
2,Kara-lynn,Routh,krouth1@photobucket.com,Genderfluid,Gabtune,Mongolian,57-5379928,Dr,2015/2/15,,,
3,Kris,Gurton,kgurton2@walmart.com,Non-binary,Yombu,Malayalam,08-9586334,Mrs,2015/2/15,,,
4,Samara,Maypowder,smaypowder3@howstuffworks.com,Genderfluid,Eimbee,Haitian Creole,40-9237343,Dr,2015/2/15,,,
5,Fritz,Noah,fnoah4@cocolog-nifty.com,Male,Trudeo,Guaraní,39-8712926,Ms,2015/2/15,,,
6,Dedie,Enstone,denstone5@edublogs.org,Bigender,Lazzy,Arabic,93-9727779,Dr,2015/2/15,,,
7,Maurita,Croneen,mcroneen6@npr.org,Genderqueer,Omba,Tok Pisin,12-1124636,Dr,2015/2/15,,,
8,Bethany,Penhall,bpenhall7@mapy.cz,Polygender,Abatz,Belarusian,33-7279759,Ms,2015/2/15,,,
9,Katy,Godon,kgodon8@posterous.com,Female,Zoovu,Bulgarian,02-0163851,Dr,2015/2/15,,,
10,Brian,D'Avaux,bdavaux9@mysql.com,Agender,Roomm,Greek,94-5400909,Ms,2015/2/15,,,
11,Sharron,Massimi,smassimia@apple.com,Genderfluid,Trilia,Hungarian,53-6290830,Mr,2015/2/15,,,
12,Sherwood,Kirkebye,skirkebyeb@walmart.com,Genderqueer,Meembee,Burmese,88-2659956,Dr,2015/2/15,,,
13,Carey,Mcmanaman,cmcmanamanc@1688.com,Genderfluid,Devbug,Tajik,00-5636394,Dr,2015/2/15,,,
14,Starlin,Paulin,spaulind@reuters.com,Non-binary,Riffpedia,Swedish,46-2131137,Dr,2015/2/15,,,
15,Sutton,McAviy,smcaviye@domainmarket.com,Genderfluid,Jabbercube,Albanian,28-3585798,Dr,2015/2/15,,,
16,Creigh,Myerscough,cmyerscoughf@twitter.com,Male,Eare,Malay,31-4295181,Dr,2015/2/15,,,
17,Niko,Rehm,nrehmg@ocn.ne.jp,Non-binary,Shufflester,Hungarian,64-3731203,Ms,2015/2/15,,,
18,Augusta,Dyers,adyersh@goo.ne.jp,Polygender,Blogtag,Somali,24-9552028,Mrs,2015/2/15,,,
19,Tabbi,Yesichev,tyesichevi@cyberchimps.com,Polygender,Photojam,Czech,45-5909061,Mr,2015/2/15,,,
20,Melisande,Mundell,mmundellj@weebly.com,Genderqueer,Latz,Assamese,70-7958021,Ms,2015/2/15,,,
21,Alisha,Aujouanet,aaujouanetk@archive.org,Genderfluid,Jaxnation,Dutch,88-9106001,Mrs,2015/2/15,,,
22,Matty,Testo,mtestol@amazonaws.com,Genderqueer,Photobug,Filipino,24-0275011,Dr,2015/2/15,,,
23,Patrice,Derx,pderxm@apple.com,Bigender,Browsetype,Hungarian,79-9551567,Dr,2015/2/15,,,
24,Traci,Rama,traman@army.mil,Polygender,Podcat,Irish Gaelic,73-6944624,Ms,2015/2/15,,,
25,Corbin,Mullins,cmullinso@goo.ne.jp,Genderqueer,Jatri,French,35-0852167,Ms,2015/2/15,,,
26,Darrel,Flaverty,dflavertyp@miitbeian.gov.cn,Genderqueer,Livetube,Albanian,81-7363591,Mrs,2015/2/15,,,
27,Haleigh,Palumbo,hpalumboq@wikimedia.org,Genderfluid,Livetube,Bislama,30-7105607,Mrs,2015/2/15,,,
28,Gabriell,Cabrales,gcabralesr@google.co.jp,Polygender,Rhyloo,Gujarati,02-3460445,Dr,2015/2/15,,,
29,Hadlee,Fawke,hfawkes@histats.com,Agender,Lazz,Japanese,41-0045951,Dr,2015/2/15,,,
30,Stinky,Rosen,srosent@ibm.com,Bigender,Fiveclub,Fijian,49-2982261,Dr,2015/2/15,,,
31,Nicolina,Rickson,nricksonu@symantec.com,Bigender,Nlounge,Yiddish,47-3392746,Ms,2015/2/15,,,
32,Cicily,Casserley,ccasserleyv@gizmodo.com,Genderfluid,Eidel,Norwegian,02-3872118,Dr,2015/2/15,,,
33,Bran,Kunzler,bkunzlerw@gizmodo.com,Genderfluid,Zoomcast,Nepali,98-9101878,Dr,2015/2/15,,,
34,Billy,Pluck,bpluckx@europa.eu,Female,Voonix,Pashto,20-5453694,Dr,2015/2/15,,,
35,Phil,McSweeney,pmcsweeneyy@noaa.gov,Genderqueer,Realpoint,Norwegian,84-3979736,Ms,2015/2/15,,,
36,Preston,Gannan,pgannanz@cdbaby.com,Genderfluid,Voonyx,Zulu,18-6564683,Mrs,2015/2/15,,,
37,Ivory,Avramovic,iavramovic10@blog.com,Genderfluid,Skaboo,Papiamento,98-0437890,Mr,2015/2/15,,,
38,Thaddeus,Aldcorne,taldcorne11@mtv.com,Female,Jetwire,French,88-2029675,Dr,2015/2/15,,,
39,Gilbertine,Bountiff,gbountiff12@yellowpages.com,Polygender,Meevee,Oriya,21-4141191,Mrs,2015/2/15,,,
40,Thornie,Darrach,tdarrach13@bravesites.com,Genderqueer,Devpoint,Georgian,47-7818227,Mrs,2015/2/15,,,
41,Steward,Cluatt,scluatt14@about.com,Genderqueer,Jabbercube,Persian,22-6198086,Ms,2015/2/15,,,
42,Tandi,Hunnam,thunnam15@shinystat.com,Bigender,Blogtags,Catalan,44-9951328,Dr,2015/2/15,,,
43,Dwayne,Solman,dsolman16@globo.com,Non-binary,Tagopia,Khmer,22-6394722,Mrs,2015/2/15,,,
44,Leopold,Hullyer,lhullyer17@go.com,Agender,Roomm,Irish Gaelic,63-8964056,Dr,2015/2/15,,,
45,Alysa,Shorrock,ashorrock18@rediff.com,Polygender,Trudoo,Chinese,88-8252024,Dr,2015/2/15,,,
46,Cati,Inworth,cinworth19@reference.com,Genderqueer,Eidel,Māori,11-2611141,Ms,2015/2/15,,,
47,Jonell,Rosenthal,jrosenthal1a@newyorker.com,Female,Jaxworks,Punjabi,83-4629416,Dr,2015/2/15,,,
48,Laverne,Silk,lsilk1b@github.io,Non-binary,Riffwire,Burmese,04-1396832,Mrs,2015/2/15,,,
49,Artur,Shackleford,ashackleford1c@ning.com,Polygender,Vitz,Afrikaans,97-2025819,Ms,2015/2/15,,,
50,Roxi,Mallall,rmallall1d@google.it,Male,Quimm,Spanish,97-2208339,Dr,2015/2/15,,,
51,Yettie,Clery,yclery1e@so-net.ne.jp,Genderqueer,Dabjam,Hebrew,72-8533779,Dr,2015/2/15,,,
52,Averell,Baterip,abaterip1f@cargocollective.com,Polygender,Trupe,Afrikaans,48-8534911,Dr,2015/2/15,,,
53,Alix,Shreve,ashreve1g@ucla.edu,Agender,Realbridge,West Frisian,05-4235462,Ms,2015/2/15,,,
54,Micah,Shervil,mshervil1h@zdnet.com,Male,Rhybox,Moldovan,99-6874996,Mrs,2015/2/15,,,
55,Brier,Tabourel,btabourel1i@hexun.com,Male,Linkbuzz,Greek,16-3204134,Mr,2015/2/15,,,
56,Amity,Ruffle,aruffle1j@freewebs.com,Female,Yodoo,Azeri,53-7483979,Mrs,2015/2/15,,,
57,Margaret,Marriott,mmarriott1k@slideshare.net,Bigender,Innojam,English,32-0254767,Dr,2015/2/15,,,
58,Beaufort,Ebben,bebben1l@paginegialle.it,Male,Rhynoodle,Finnish,86-7153694,Dr,2015/2/15,,,
59,Dov,Blaxeland,dblaxeland1m@flavors.me,Genderfluid,Trupe,Quechua,34-0325648,Mr,2015/2/15,,,
60,Mari,Blaasch,mblaasch1n@comsenz.com,Bigender,Reallinks,Macedonian,55-4188079,Ms,2015/2/15,,,
61,Tybi,Arr,tarr1o@washingtonpost.com,Polygender,Oba,Somali,60-8932636,Dr,2015/2/15,,,
62,Costanza,Antill,cantill1p@mashable.com,Polygender,Gevee,Khmer,61-6670309,Ms,2015/2/15,,,
63,Merwyn,Larrett,mlarrett1q@marketwatch.com,Polygender,Meevee,Māori,63-5895843,Dr,2015/2/15,,,
64,Winona,Scawton,wscawton1r@eepurl.com,Non-binary,Babbleblab,Portuguese,81-2250023,Mrs,2015/2/15,,,
65,Jaquenetta,Nassy,jnassy1s@multiply.com,Male,Youopia,Malayalam,54-3506742,Mr,2015/2/15,,,
66,Sela,Haskey,shaskey1t@wufoo.com,Non-binary,Zoozzy,Irish Gaelic,10-4804661,Dr,2015/2/15,,,
67,Alina,Sterman,asterman1u@miitbeian.gov.cn,Female,Flashspan,Kurdish,60-8526779,Dr,2015/2/15,,,
68,Rosemary,Stringman,rstringman1v@symantec.com,Genderfluid,Gigaclub,Hebrew,62-0105329,Mr,2015/2/15,,,
69,Cyrus,Hurford,churford1w@dropbox.com,Genderfluid,Npath,Aymara,89-9010799,Mrs,2015/2/15,,,
70,Emmanuel,Gentery,egentery1x@etsy.com,Non-binary,Ailane,Dhivehi,83-2354473,Ms,2015/2/15,,,
71,Mandi,Pierse,mpierse1y@tinypic.com,Male,Ntags,Oriya,78-0899389,Dr,2015/2/15,,,
72,Marlane,Claesens,mclaesens1z@squarespace.com,Polygender,Skyvu,Finnish,16-4247822,Dr,2015/2/15,,,
73,Martie,Denness,mdenness20@amazon.de,Agender,Edgepulse,Khmer,55-1758480,Dr,2015/2/15,,,
74,Winthrop,Reyne,wreyne21@umich.edu,Female,Realbuzz,Catalan,14-6880629,Dr,2015/2/15,,,
75,Dorie,Baty,dbaty22@about.me,Genderfluid,Twitterwire,Montenegrin,16-3344104,Mr,2015/2/15,,,
76,Catina,Pretti,cpretti23@tiny.cc,Polygender,Flipopia,Dari,19-4468026,Mr,2015/2/15,,,
77,Darsie,Bassano,dbassano24@shop-pro.jp,Genderfluid,Twitternation,Lao,40-1650502,Mrs,2015/2/15,,,
78,Francisca,Chaize,fchaize25@wired.com,Male,Jayo,Gujarati,86-6088402,Mr,2015/2/15,,,
79,Waylan,Rieflin,wrieflin26@usa.gov,Polygender,Zoomcast,Czech,85-4444850,Mr,2015/2/15,,,
80,Blanca,Marcham,bmarcham27@unblog.fr,Genderfluid,Roombo,Norwegian,81-0145793,Dr,2015/2/15,,,
81,Nat,Shurmore,nshurmore28@google.com.br,Polygender,Janyx,Marathi,11-5837378,Dr,2015/2/15,,,
82,Myrtle,Limerick,mlimerick29@geocities.com,Bigender,Tagfeed,Northern Sotho,23-7445754,Ms,2015/2/15,,,
83,Cherish,Wadmore,cwadmore2a@bbc.co.uk,Male,Kaymbo,Afrikaans,10-2104096,Dr,2015/2/15,,,
84,Cybil,Crawshaw,ccrawshaw2b@sakura.ne.jp,Bigender,Realfire,Moldovan,15-5914211,Mr,2015/2/15,,,
85,Gladi,Trayton,gtrayton2c@weather.com,Polygender,Topiclounge,Swedish,19-4105317,Ms,2015/2/15,,,
86,Trace,Fauning,tfauning2d@technorati.com,Bigender,Demimbu,Swahili,26-7304737,Dr,2015/2/15,,,
87,Cary,McNeilley,cmcneilley2e@indiegogo.com,Male,Oozz,Korean,00-1845715,Dr,2015/2/15,,,
88,Justinn,Simoncini,jsimoncini2f@berkeley.edu,Genderqueer,Dabfeed,Fijian,64-3559190,Dr,2015/2/15,,,
89,Cyndie,Lauga,clauga2g@weibo.com,Bigender,Wikizz,Spanish,47-3676028,Ms,2015/2/15,,,
90,Merrick,Eary,meary2h@trellian.com,Polygender,Riffpedia,Chinese,64-0978033,Dr,2015/2/15,,,
91,Sherill,Korda,skorda2i@reddit.com,Genderqueer,Jamia,Moldovan,67-8323991,Dr,2015/2/15,,,
92,Rickie,Halfhead,rhalfhead2j@163.com,Bigender,Kwinu,Aymara,25-4034471,Dr,2015/2/15,,,
93,Adrianne,Batstone,abatstone2k@omniture.com,Agender,Yoveo,Hungarian,77-8089069,Ms,2015/2/15,,,
94,Cointon,Shepperd,cshepperd2l@washington.edu,Male,Yabox,Māori,70-8748815,Dr,2015/2/15,,,
95,Bob,Coppenhall,bcoppenhall2m@scientificamerican.com,Female,Voonyx,Filipino,29-4297731,Mrs,2015/2/15,,,
96,Annnora,Havick,ahavick2n@paypal.com,Genderqueer,Snaptags,German,49-7853058,Mrs,2015/2/15,,,
97,Standford,Leith,sleith2o@altervista.org,Non-binary,Wordware,German,37-6458913,Dr,2015/2/15,,,
98,Belicia,O' Concannon,boconcannon2p@bbb.org,Non-binary,Kwimbee,Indonesian,26-8189004,Mrs,2015/2/15,,,
99,Wright,Murkitt,wmurkitt2q@netlog.com,Non-binary,Fatz,Dhivehi,27-9884181,Dr,2015/2/15,,,
100,Merrily,Klimaszewski,mklimaszewski2r@webmd.com,Agender,Shufflester,Somali,55-5764826,Ms,2015/2/15,,,
101,Brendin,Nuschke,bnuschke2s@walmart.com,Bigender,Buzzshare,Tswana,28-7378366,Dr,2015/2/15,,,
102,Federica,Ewenson,fewenson2t@g.co,Agender,Tagopia,Malayalam,02-1629208,Dr,2015/2/15,,,
103,Whitney,Hartigan,whartigan2u@eepurl.com,Female,Blogtag,Burmese,03-4578585,Ms,2015/2/15,,,
104,Lane,Colenutt,lcolenutt2v@noaa.gov,Polygender,Youspan,Zulu,11-9607412,Dr,2015/2/15,,,
105,Rudy,Hurworth,rhurworth2w@freewebs.com,Genderqueer,Kwimbee,Bengali,03-7954411,Dr,2015/2/15,,,
106,Angelika,Sparham,asparham2x@icq.com,Polygender,Dabfeed,Japanese,51-9280870,Mrs,2015/2/15,,,
107,Maryjo,Skett,mskett2y@ibm.com,Polygender,Tagopia,Nepali,16-4519426,Ms,2015/2/15,,,
108,Yance,Merton,ymerton2z@cpanel.net,Non-binary,Ntag,Albanian,28-1167213,Dr,2015/2/15,,,
109,Kendricks,Costar,kcostar30@prnewswire.com,Genderqueer,Jaloo,Nepali,50-2129619,Dr,2015/2/15,,,
110,Ciel,Dalziell,cdalziell31@ted.com,Genderfluid,Dabfeed,Luxembourgish,10-0878629,Mrs,2015/2/15,,,
111,Inglebert,Garn,igarn32@nasa.gov,Male,Edgetag,Malagasy,39-9390399,Ms,2015/2/15,,,
112,Ardith,Bointon,abointon33@huffingtonpost.com,Non-binary,Talane,Māori,02-4970721,Dr,2015/2/15,,,
113,Harmonie,Sargint,hsargint34@is.gd,Male,Photobug,Thai,35-5686472,Dr,2015/2/15,,,
114,Berri,McCallion,bmccallion35@bravesites.com,Male,Blognation,Amharic,08-7139866,Dr,2015/2/15,,,
115,Cori,Hamon,chamon36@scientificamerican.com,Female,Jatri,Malagasy,21-1051223,Dr,2015/2/15,,,
116,Prentice,Whifen,pwhifen37@cbc.ca,Polygender,Babbleblab,Sotho,24-7991297,Dr,2015/2/15,,,
117,Chaunce,Swayte,cswayte38@nytimes.com,Bigender,Gigaclub,Estonian,18-0341217,Dr,2015/2/15,,,
118,Gunther,Sprackling,gsprackling39@exblog.jp,Bigender,Quaxo,Guaraní,36-4257741,Mrs,2015/2/15,,,
119,Bonnee,Gutierrez,bgutierrez3a@google.com.hk,Non-binary,Divape,Kurdish,98-8987389,Dr,2015/2/15,,,
120,Carly,Durkin,cdurkin3b@mac.com,Non-binary,Yodel,Bosnian,77-8884011,Dr,2015/2/15,,,
121,Chet,Perez,cperez3c@comcast.net,Genderqueer,Yodo,Kannada,71-1296845,Dr,2015/2/15,,,
122,Oriana,Fenna,ofenna3d@dion.ne.jp,Male,Fivespan,Hindi,70-9373444,Dr,2015/2/15,,,
123,Kele,Arundel,karundel3e@creativecommons.org,Female,Brightbean,Tok Pisin,41-2272403,Mr,2015/2/15,,,
124,Auberon,Hammill,ahammill3f@1688.com,Polygender,Avamm,Tamil,00-2886287,Ms,2015/2/15,,,
125,Catriona,Braban,cbraban3g@sciencedirect.com,Non-binary,Mymm,Guaraní,73-0393249,Mrs,2015/2/15,,,
126,Alaine,Slora,aslora3h@cbsnews.com,Non-binary,Pixope,Finnish,71-1046746,Dr,2015/2/15,,,
127,Paule,Feehily,pfeehily3i@photobucket.com,Non-binary,Rhyzio,Malagasy,38-6498990,Dr,2015/2/15,,,
128,Raviv,MacNeachtain,rmacneachtain3j@google.com.hk,Female,Jabberbean,Ndebele,85-8439883,Mr,2015/2/15,,,
129,Rudy,Staff,rstaff3k@unblog.fr,Male,Voonyx,Latvian,10-7469587,Dr,2015/2/15,,,
130,Jolene,Lober,jlober3l@time.com,Polygender,Meejo,Armenian,29-6756613,Mrs,2015/2/15,,,
131,Janifer,Yerby,jyerby3m@apple.com,Agender,Trudoo,Tok Pisin,41-2968056,Dr,2015/2/15,,,
132,Lin,Leebeter,lleebeter3n@mediafire.com,Female,Podcat,Haitian Creole,52-4505957,Dr,2015/2/15,,,
133,Leela,Bouldon,lbouldon3o@feedburner.com,Genderqueer,Ntags,Albanian,73-6565309,Ms,2015/2/15,,,
134,Petronille,Harmer,pharmer3p@flavors.me,Male,Topdrive,Icelandic,59-2602985,Mr,2015/2/15,,,
135,Melisenda,Addionizio,maddionizio3q@ucla.edu,Genderqueer,Meembee,Malagasy,05-3986367,Mrs,2015/2/15,,,
136,Ardra,Baynom,abaynom3r@marriott.com,Male,Roombo,Kazakh,54-4893053,Dr,2015/2/15,,,
137,Katie,Giorgioni,kgiorgioni3s@japanpost.jp,Agender,Thoughtblab,Korean,76-8209465,Ms,2015/2/15,,,
138,Michail,Conville,mconville3t@macromedia.com,Genderfluid,Bubblebox,Italian,81-6273257,Dr,2015/2/15,,,
139,Leola,Speenden,lspeenden3u@51.la,Male,Topicware,Persian,42-1353881,Ms,2015/2/15,,,
140,Margalit,Hoofe,mhoofe3v@aboutads.info,Genderqueer,Kamba,Amharic,68-3454253,Dr,2015/2/15,,,
141,Roma,Galliver,rgalliver3w@boston.com,Non-binary,Vinder,Polish,44-8560108,Dr,2015/2/15,,,
142,Osborn,Wattam,owattam3x@nbcnews.com,Bigender,Linktype,Bengali,63-4945355,Dr,2015/2/15,,,
143,Wilmar,Born,wborn3y@paypal.com,Non-binary,Avaveo,Bislama,99-9605825,Dr,2015/2/15,,,
144,Thibaut,Kineton,tkineton3z@google.com.hk,Agender,Cogibox,Georgian,54-5968186,Dr,2015/2/15,,,
145,Demetri,Willbraham,dwillbraham40@list-manage.com,Bigender,Thoughtmix,Kyrgyz,71-8582303,Dr,2015/2/15,,,
146,Glyn,Melsome,gmelsome41@1688.com,Non-binary,Tazz,Moldovan,18-3709814,Mrs,2015/2/15,,,
147,Wolfy,O'Heaney,woheaney42@wsj.com,Non-binary,Skyba,Haitian Creole,30-0307166,Dr,2015/2/15,,,
148,Hannie,Goreisr,hgoreisr43@mashable.com,Genderfluid,Linkbridge,Croatian,63-1525964,Mrs,2015/2/15,,,
149,Felicdad,Stefanovic,fstefanovic44@slideshare.net,Female,Devpulse,Persian,59-2048688,Dr,2015/2/15,,,
150,Stanley,Dixson,sdixson45@technorati.com,Polygender,Cogilith,Hungarian,75-8229876,Dr,2015/2/15,,,
151,Gerri,Cornhill,gcornhill46@discuz.net,Bigender,Twimbo,French,56-1299300,Dr,2015/2/15,,,
152,Ilario,Bradford,ibradford47@arstechnica.com,Non-binary,Youbridge,Irish Gaelic,83-4719420,Ms,2015/2/15,,,
153,Alvinia,Arden,aarden48@cdbaby.com,Genderqueer,Yakitri,Tswana,46-1926351,Dr,2015/2/15,,,
154,Anita,Cowen,acowen49@dailymotion.com,Genderqueer,Innotype,Finnish,23-7880339,Ms,2015/2/15,,,
155,Ruy,Piatto,rpiatto4a@tripod.com,Male,Skiptube,Czech,72-9660082,Ms,2015/2/15,,,
156,Aundrea,Warboy,awarboy4b@kickstarter.com,Genderfluid,DabZ,Tsonga,24-4809183,Mrs,2015/2/15,,,
157,Udell,Hiland,uhiland4c@gov.uk,Genderqueer,Flashspan,Romanian,11-6860316,Dr,2015/2/15,,,
158,Aloysius,Janaszkiewicz,ajanaszkiewicz4d@bravesites.com,Polygender,Gabvine,Gagauz,62-0380099,Mr,2015/2/15,,,
159,Imogene,Khomich,ikhomich4e@independent.co.uk,Polygender,LiveZ,Kyrgyz,81-5648064,Dr,2015/2/15,,,
160,Dede,McCrackem,dmccrackem4f@forbes.com,Bigender,Topicware,Macedonian,87-3518433,Dr,2015/2/15,,,
161,Parry,Crooks,pcrooks4g@whitehouse.gov,Agender,Ntags,Finnish,52-9078820,Dr,2015/2/15,,,
162,Lenore,Franzen,lfranzen4h@cdc.gov,Female,Wikizz,Bengali,70-0559247,Dr,2015/2/15,,,
163,Moyna,Wilden,mwilden4i@icq.com,Male,Topicware,Guaraní,17-6214705,Dr,2015/2/15,,,
164,Conn,Favel,cfavel4j@infoseek.co.jp,Male,Brainbox,Moldovan,14-8590281,Mr,2015/2/15,,,
165,Jamil,Vanezis,jvanezis4k@nytimes.com,Male,Aivee,Telugu,44-4795383,Mr,2015/2/15,,,
166,Gaile,Lougheid,glougheid4l@google.co.uk,Genderfluid,Jazzy,Quechua,26-9922511,Dr,2015/2/15,,,
167,Padgett,Noriega,pnoriega4m@sbwire.com,Genderfluid,Tazzy,Macedonian,88-8853324,Dr,2015/2/15,,,
168,Inger,Jakubovicz,ijakubovicz4n@mayoclinic.com,Bigender,Thoughtworks,Dutch,32-2239727,Dr,2015/2/15,,,
169,Heather,Walthall,hwalthall4o@facebook.com,Male,Wikibox,Dhivehi,20-2674623,Dr,2015/2/15,,,
170,Donetta,Swancott,dswancott4p@deliciousdays.com,Genderqueer,Divape,Aymara,09-1473903,Dr,2015/2/15,,,
171,Noble,Scamp,nscamp4q@indiegogo.com,Agender,Tagfeed,Albanian,67-2638958,Dr,2015/2/15,,,
172,Brina,Purchase,bpurchase4r@hatena.ne.jp,Male,Oba,Tok Pisin,00-3251214,Dr,2015/2/15,,,
173,Jammie,Doone,jdoone4s@illinois.edu,Agender,Livepath,Fijian,73-3376530,Ms,2015/2/15,,,
174,Katrina,Beuscher,kbeuscher4t@a8.net,Genderfluid,Dablist,Tamil,44-3914616,Dr,2015/2/15,,,
175,Eb,McGill,emcgill4u@cisco.com,Female,Photofeed,Kannada,75-6469145,Mrs,2015/2/15,,,
176,Ingunna,Howieson,ihowieson4v@blogtalkradio.com,Non-binary,DabZ,Persian,20-7323857,Dr,2015/2/15,,,
177,Ansell,Keune,akeune4w@mashable.com,Male,Gabtune,Montenegrin,53-9959678,Dr,2015/2/15,,,
178,Ware,Grimwood,wgrimwood4x@state.gov,Female,Quimm,Arabic,83-6405805,Dr,2015/2/15,,,
179,Vassili,Cantillon,vcantillon4y@privacy.gov.au,Polygender,Photospace,Hungarian,61-2363608,Dr,2015/2/15,,,
180,Haily,Abrami,habrami4z@eepurl.com,Agender,Jatri,Tajik,35-4466839,Dr,2015/2/15,,,
181,Melody,Saing,msaing50@studiopress.com,Non-binary,Brainsphere,Chinese,18-3312281,Dr,2015/2/15,,,
182,Trudi,Le Marchant,tlemarchant51@ow.ly,Non-binary,Linkbridge,Dhivehi,74-2199910,Dr,2015/2/15,,,
183,Ashlie,Heffernon,aheffernon52@naver.com,Polygender,Mybuzz,Japanese,55-5428997,Dr,2015/2/15,,,
184,Lorianne,Cavet,lcavet53@symantec.com,Genderfluid,Yadel,Persian,89-8703165,Dr,2015/2/15,,,
185,Lesley,Boys,lboys54@dot.gov,Male,Yambee,Khmer,80-5523626,Dr,2015/2/15,,,
186,Alla,Fazan,afazan55@mlb.com,Polygender,Chatterbridge,Nepali,71-3957134,Mrs,2015/2/15,,,
187,Web,Kintish,wkintish56@nature.com,Male,Zoozzy,Romanian,40-9381814,Mr,2015/2/15,,,
188,Esteban,Capelen,ecapelen57@mapy.cz,Male,Mita,Chinese,83-5364069,Dr,2015/2/15,,,
189,Kenon,McTague,kmctague58@whitehouse.gov,Bigender,Mydo,Lithuanian,78-2168771,Dr,2015/2/15,,,
190,Carlo,Royston,croyston59@sourceforge.net,Polygender,Yata,Dutch,33-3833812,Mr,2015/2/15,,,
191,Verile,Fetherstone,vfetherstone5a@timesonline.co.uk,Male,Jetwire,Zulu,76-9471218,Dr,2015/2/15,,,
192,Brandise,Milkeham,bmilkeham5b@ehow.com,Female,Skinix,Finnish,68-8886262,Mrs,2015/2/15,,,
193,Raymund,Folbig,rfolbig5c@army.mil,Agender,Yotz,Armenian,15-2592525,Mrs,2015/2/15,,,
194,Nert,Cereceres,ncereceres5d@blogger.com,Genderfluid,Muxo,Italian,62-0116083,Mr,2015/2/15,,,
195,Vasilis,Tevlin,vtevlin5e@tuttocitta.it,Female,Voolith,Greek,22-6912423,Dr,2015/2/15,,,
196,Carleen,Piggford,cpiggford5f@usatoday.com,Genderqueer,Gevee,Somali,57-4301294,Dr,2015/2/15,,,
197,Diane-marie,Fayer,dfayer5g@timesonline.co.uk,Female,Ooba,Fijian,68-6316916,Mrs,2015/2/15,,,
198,Stavro,Townley,stownley5h@msn.com,Genderfluid,Kazu,Lithuanian,77-0170001,Dr,2015/2/15,,,
199,Fae,Woolmore,fwoolmore5i@4shared.com,Bigender,Skimia,Croatian,22-6318188,Dr,2015/2/15,,,
200,Annalise,Dragon,adragon5j@printfriendly.com,Genderfluid,Meembee,English,20-6246801,Dr,2015/2/15,,,
201,Jamesy,Prestwich,jprestwich5k@taobao.com,Male,Eimbee,Latvian,84-2255292,Dr,2015/2/15,,,
202,Garey,Feares,gfeares5l@taobao.com,Genderfluid,Centimia,Gagauz,74-9214556,Dr,2015/2/15,,,
203,Barrett,Meugens,bmeugens5m@jiathis.com,Genderqueer,Gigazoom,Tajik,17-4750756,Ms,2015/2/15,,,
204,Benoit,Sire,bsire5n@nyu.edu,Non-binary,Buzzshare,English,56-9315491,Mrs,2015/2/15,,,
205,Demetra,Narramor,dnarramor5o@devhub.com,Non-binary,Skajo,Albanian,50-4882175,Mrs,2015/2/15,,,
206,Clarine,Garfirth,cgarfirth5p@utexas.edu,Agender,Yadel,Armenian,09-6775148,Dr,2015/2/15,,,
207,Jillayne,Veall,jveall5q@nps.gov,Female,Voolith,Greek,83-0136014,Mrs,2015/2/15,,,
208,Celisse,Denziloe,cdenziloe5r@dot.gov,Genderqueer,Devpoint,Danish,45-5474096,Dr,2015/2/15,,,
209,Byrle,Ahearne,bahearne5s@blogs.com,Male,Brainlounge,Montenegrin,93-6254783,Mr,2015/2/15,,,
210,Forster,Jowitt,fjowitt5t@go.com,Non-binary,Skaboo,Sotho,54-5991358,Dr,2015/2/15,,,
211,Florri,Stapleford,fstapleford5u@accuweather.com,Genderqueer,Feedbug,Mongolian,49-5945864,Mr,2015/2/15,,,
212,Curr,Arnet,carnet5v@discuz.net,Male,Jaxworks,Bulgarian,01-2623602,Dr,2015/2/15,,,
213,Barbette,Ludlom,bludlom5w@newyorker.com,Polygender,Wordpedia,Dutch,68-9448882,Dr,2015/2/15,,,
214,Emmalynn,Hoyt,ehoyt5x@wikimedia.org,Female,Kare,Luxembourgish,59-1782882,Ms,2015/2/15,,,
215,Dyanna,Silverthorn,dsilverthorn5y@techcrunch.com,Genderqueer,Devify,Chinese,70-4028975,Dr,2015/2/15,,,
216,Roth,Bootyman,rbootyman5z@flavors.me,Male,Wordtune,English,83-4781099,Ms,2015/2/15,,,
217,Vallie,Scougal,vscougal60@geocities.jp,Polygender,Ntags,Georgian,56-6595909,Mrs,2015/2/15,,,
218,Georgia,Ikins,gikins61@ucsd.edu,Polygender,Avaveo,Northern Sotho,46-9477629,Dr,2015/2/15,,,
219,Junette,Toma,jtoma62@msn.com,Genderqueer,Riffpath,Somali,98-1886706,Dr,2015/2/15,,,
220,Josey,Pinar,jpinar63@japanpost.jp,Male,Camimbo,Burmese,77-2677757,Ms,2015/2/15,,,
221,Pammi,Leroy,pleroy64@wikispaces.com,Female,Skyble,Georgian,59-7695506,Mrs,2015/2/15,,,
222,Bethina,Longland,blongland65@reuters.com,Male,Agivu,Japanese,38-0297110,Dr,2015/2/15,,,
223,Sibella,Gerkens,sgerkens66@imgur.com,Agender,Rooxo,Spanish,90-8470229,Mr,2015/2/15,,,
224,Neall,Hagerty,nhagerty67@g.co,Genderfluid,Skyvu,Bislama,51-7814117,Dr,2015/2/15,,,
225,Jeno,Blamires,jblamires68@cafepress.com,Male,Jaxworks,Irish Gaelic,14-0215214,Dr,2015/2/15,,,
226,Devonna,Balnave,dbalnave69@last.fm,Male,Devbug,Burmese,65-5467359,Dr,2015/2/15,,,
227,Quinn,Berwick,qberwick6a@edublogs.org,Genderfluid,Voonte,Aymara,46-6517579,Mrs,2015/2/15,,,
228,Salomo,Adrienne,sadrienne6b@dell.com,Bigender,Skippad,Punjabi,41-0759437,Dr,2015/2/15,,,
229,Marietta,Elman,melman6c@google.de,Genderqueer,Wikibox,Luxembourgish,40-5554450,Ms,2015/2/15,,,
230,Maxie,Littell,mlittell6d@gizmodo.com,Genderqueer,Yodoo,Yiddish,47-2417400,Mr,2015/2/15,,,
231,Catriona,Carlin,ccarlin6e@cbc.ca,Female,DabZ,Hebrew,92-2871490,Dr,2015/2/15,,,
232,Hayley,Gligori,hgligori6f@miibeian.gov.cn,Bigender,Oyoloo,Filipino,85-9070230,Dr,2015/2/15,,,
233,Dan,Osant,dosant6g@instagram.com,Genderqueer,Mymm,Estonian,10-4758165,Mrs,2015/2/15,,,
234,Lea,Genever,lgenever6h@bloomberg.com,Bigender,Shufflester,Japanese,95-8423682,Dr,2015/2/15,,,
235,Freda,Slowly,fslowly6i@jimdo.com,Non-binary,Jetpulse,Catalan,34-8607835,Ms,2015/2/15,,,
236,Marietta,Cicculi,mcicculi6j@freewebs.com,Polygender,Yodo,Telugu,11-7681870,Dr,2015/2/15,,,
237,Addia,Abry,aabry6k@guardian.co.uk,Polygender,Kare,Haitian Creole,14-1234295,Mrs,2015/2/15,,,
238,Lanie,Armall,larmall6l@discuz.net,Genderfluid,Eamia,Kashmiri,45-4697036,Mr,2015/2/15,,,
239,Beatrice,Daventry,bdaventry6m@indiatimes.com,Polygender,Topicstorm,Bislama,41-7138942,Mrs,2015/2/15,,,
240,Hyacinth,Nanetti,hnanetti6n@twitter.com,Agender,Fivespan,Swati,92-7867172,Ms,2015/2/15,,,
241,Lindsy,Jenman,ljenman6o@china.com.cn,Agender,Pixoboo,Tetum,85-0948265,Dr,2015/2/15,,,
242,Fulvia,Alderton,falderton6p@foxnews.com,Non-binary,Eayo,Portuguese,74-0208256,Mr,2015/2/15,,,
243,Emmet,Fance,efance6q@bizjournals.com,Agender,Quinu,Dzongkha,82-1411829,Ms,2015/2/15,,,
244,Kerrie,Oxherd,koxherd6r@netscape.com,Agender,Yoveo,Gagauz,29-3392546,Dr,2015/2/15,,,
245,Vite,Wandless,vwandless6s@aol.com,Polygender,Livetube,Greek,83-2415303,Dr,2015/2/15,,,
246,Hercules,Giffen,hgiffen6t@squarespace.com,Non-binary,Oozz,Irish Gaelic,42-7906395,Dr,2015/2/15,,,
247,Ursuline,Mathey,umathey6u@networkadvertising.org,Non-binary,Feedfire,Swedish,42-5495352,Mr,2015/2/15,,,
248,Serena,Beels,sbeels6v@cbslocal.com,Female,Geba,Croatian,93-9787554,Ms,2015/2/15,,,
249,Kelli,Castagneri,kcastagneri6w@ucsd.edu,Non-binary,Bubbletube,Malagasy,57-1647409,Mr,2015/2/15,,,
250,Odo,Franks,ofranks6x@360.cn,Polygender,Gabcube,Khmer,07-9258245,Mr,2015/2/15,,,
251,Robby,Lawther,rlawther6y@blogtalkradio.com,Polygender,Vitz,Montenegrin,16-1957610,Mr,2015/2/15,,,
252,Korry,Heasley,kheasley6z@feedburner.com,Bigender,Oodoo,Catalan,71-0247492,Dr,2015/2/15,,,
253,Aile,Caillou,acaillou70@rakuten.co.jp,Polygender,Rhyloo,Bengali,69-2960618,Mrs,2015/2/15,,,
254,Eleanor,Grandham,egrandham71@imdb.com,Female,Zoomdog,Māori,03-7584946,Ms,2015/2/15,,,
255,Jozef,Feather,jfeather72@theatlantic.com,Agender,Linkbridge,Lao,18-9983704,Dr,2015/2/15,,,
256,Bridget,Bogey,bbogey73@printfriendly.com,Polygender,Kwideo,Gagauz,61-5577670,Ms,2015/2/15,,,
257,Kerk,Piola,kpiola74@howstuffworks.com,Female,Skalith,New Zealand Sign Language,56-3792003,Dr,2015/2/15,,,
258,Toby,Oguz,toguz75@alexa.com,Female,Agivu,Swedish,71-3877537,Mr,2015/2/15,,,
259,Rik,Coy,rcoy76@nasa.gov,Male,Quinu,Kashmiri,82-9008164,Dr,2015/2/15,,,
260,Vivienne,Quiddington,vquiddington77@whitehouse.gov,Agender,Gabspot,Polish,92-6428602,Mrs,2015/2/15,,,
261,Mellicent,Jeskins,mjeskins78@freewebs.com,Genderfluid,Npath,Punjabi,12-9455141,Dr,2015/2/15,,,
262,Quent,Tidmas,qtidmas79@sitemeter.com,Male,Mydo,German,39-3066009,Dr,2015/2/15,,,
263,Craggie,Zanre,czanre7a@mashable.com,Male,Aibox,Burmese,70-1801941,Dr,2015/2/15,,,
264,Jilleen,Morforth,jmorforth7b@independent.co.uk,Genderqueer,Fivebridge,Tsonga,65-6921889,Dr,2015/2/15,,,
265,Stacie,Wrightim,swrightim7c@instagram.com,Female,Jamia,Norwegian,20-8036757,Ms,2015/2/15,,,
266,Genni,Kither,gkither7d@ezinearticles.com,Agender,Rhybox,Latvian,41-6300920,Dr,2015/2/15,,,
267,Zeb,Raithmill,zraithmill7e@msu.edu,Genderfluid,Oba,Lithuanian,15-3951697,Dr,2015/2/15,,,
268,Janos,Menauteau,jmenauteau7f@slashdot.org,Polygender,Npath,Kannada,09-8478565,Dr,2015/2/15,,,
269,Blake,Henric,bhenric7g@altervista.org,Genderqueer,Zoombox,Oriya,43-1314878,Dr,2015/2/15,,,
270,Merwyn,Venditto,mvenditto7h@msu.edu,Genderfluid,Buzzbean,German,59-2628974,Ms,2015/2/15,,,
271,Candi,Pearde,cpearde7i@jigsy.com,Male,Yakitri,Sotho,32-7952542,Ms,2015/2/15,,,
272,Donall,Galfour,dgalfour7j@odnoklassniki.ru,Agender,Tagfeed,Chinese,88-9114440,Dr,2015/2/15,,,
273,Stefano,Rablen,srablen7k@microsoft.com,Male,Mybuzz,Oriya,77-3600510,Mr,2015/2/15,,,
274,Drucill,Bradley,dbradley7l@un.org,Male,Livepath,Lithuanian,69-7128857,Dr,2015/2/15,,,
275,Benson,Saberton,bsaberton7m@fema.gov,Genderqueer,Mudo,Swedish,13-2607336,Dr,2015/2/15,,,
276,Ondrea,Kift,okift7n@sun.com,Female,Trilia,Ndebele,61-9348214,Dr,2015/2/15,,,
277,Florian,Slade,fslade7o@stumbleupon.com,Agender,Vinte,Irish Gaelic,54-9815645,Dr,2015/2/15,,,
278,Jonathon,Price,jprice7p@google.com.hk,Non-binary,Feednation,Fijian,58-3283338,Mr,2015/2/15,,,
279,Philippa,Jochens,pjochens7q@economist.com,Genderqueer,Flashdog,Kazakh,09-7528707,Mrs,2015/2/15,,,
280,Arri,Roswarn,aroswarn7r@aboutads.info,Genderfluid,Lajo,Hebrew,38-1453473,Dr,2015/2/15,,,
281,Colly,Ivanilov,civanilov7s@xinhuanet.com,Non-binary,Jetpulse,Burmese,87-8682240,Mrs,2015/2/15,,,
282,Johnath,Bedingfield,jbedingfield7t@amazonaws.com,Polygender,Youfeed,Zulu,66-8231929,Ms,2015/2/15,,,
283,Ashleigh,Bennellick,abennellick7u@ucoz.ru,Male,Jazzy,Japanese,47-6580036,Dr,2015/2/15,,,
284,Miguelita,Drinkhill,mdrinkhill7v@pinterest.com,Bigender,Kaymbo,Bosnian,12-9276226,Mrs,2015/2/15,,,
285,Martino,Frankiewicz,mfrankiewicz7w@squidoo.com,Non-binary,Jabbertype,Oriya,22-8278668,Mr,2015/2/15,,,
286,Gavra,Jarrette,gjarrette7x@psu.edu,Non-binary,Meevee,Burmese,61-9886487,Dr,2015/2/15,,,
287,Wally,Ilyinykh,wilyinykh7y@ycombinator.com,Genderqueer,Vimbo,Kazakh,64-3591488,Mr,2015/2/15,,,
288,Eudora,Testin,etestin7z@jalbum.net,Non-binary,Kayveo,Marathi,14-2414951,Dr,2015/2/15,,,
289,Neille,Gravenall,ngravenall80@delicious.com,Genderfluid,Roombo,Bosnian,49-0580793,Dr,2015/2/15,,,
290,Krissie,Wrigglesworth,kwrigglesworth81@apache.org,Non-binary,Voomm,Finnish,78-5090696,Dr,2015/2/15,,,
291,Boote,Rabbitts,brabbitts82@angelfire.com,Male,Jaloo,Khmer,11-9717691,Dr,2015/2/15,,,
292,Humfrid,Lau,hlau83@cnn.com,Agender,Jabbercube,Swedish,39-5744490,Dr,2015/2/15,,,
293,Hillie,Litherland,hlitherland84@biglobe.ne.jp,Agender,Viva,Latvian,49-5700583,Ms,2015/2/15,,,
294,Ferd,Kincla,fkincla85@artisteer.com,Agender,Quamba,Kannada,70-0124844,Dr,2015/2/15,,,
295,Shantee,Bleckly,sbleckly86@creativecommons.org,Male,BlogXS,Persian,20-7305401,Ms,2015/2/15,,,
296,Melita,Sewill,msewill87@newyorker.com,Non-binary,Babbleblab,Malayalam,07-5302145,Mrs,2015/2/15,,,
297,Raf,Tzar,rtzar88@sakura.ne.jp,Female,Roodel,Sotho,01-6330975,Dr,2015/2/15,,,
298,Tabbie,Budge,tbudge89@chronoengine.com,Agender,Zoombeat,Zulu,50-9306815,Ms,2015/2/15,,,
299,Elysee,Cinavas,ecinavas8a@meetup.com,Female,Ooba,Polish,47-7466948,Mr,2015/2/15,,,
300,Chlo,Roscamps,croscamps8b@answers.com,Male,Rhynyx,New Zealand Sign Language,16-5802795,Mrs,2015/2/15,,,
301,Marc,Liversedge,mliversedge8c@deviantart.com,Genderqueer,Dablist,Tamil,36-4007887,Ms,2015/2/15,,,
302,Bevin,Georghiou,bgeorghiou8d@patch.com,Agender,Zooveo,Haitian Creole,97-8263292,Dr,2015/2/15,,,
303,Eolande,McQuaide,emcquaide8e@newsvine.com,Agender,Trunyx,Yiddish,85-5683980,Mr,2015/2/15,,,
304,Tilly,Danahar,tdanahar8f@dyndns.org,Bigender,Gabtune,Hiri Motu,33-2820360,Ms,2015/2/15,,,
305,Collin,Tennison,ctennison8g@smh.com.au,Female,Gigabox,Kazakh,84-6231731,Dr,2015/2/15,,,
306,Staffard,Albury,salbury8h@examiner.com,Male,Quire,Oriya,28-9612742,Dr,2015/2/15,,,
307,Holly,Goundry,hgoundry8i@bbb.org,Male,Skyba,Catalan,02-0804243,Dr,2015/2/15,,,
308,Billie,Longthorn,blongthorn8j@elpais.com,Agender,Skiba,Persian,86-7672110,Dr,2015/2/15,,,
309,Hadleigh,Branchet,hbranchet8k@is.gd,Genderqueer,Dablist,Azeri,60-3649637,Ms,2015/2/15,,,
310,Flss,Grissett,fgrissett8l@ed.gov,Agender,Thoughtstorm,Danish,54-3924820,Dr,2015/2/15,,,
311,Rufe,Greedyer,rgreedyer8m@wikipedia.org,Polygender,Gabspot,Malay,89-8040972,Mrs,2015/2/15,,,
312,Israel,Guyver,iguyver8n@engadget.com,Agender,Minyx,Norwegian,27-9328620,Mr,2015/2/15,,,
313,Devy,Cubley,dcubley8o@miitbeian.gov.cn,Polygender,Skajo,Nepali,16-6210497,Dr,2015/2/15,,,
314,Bertie,Meates,bmeates8p@umich.edu,Bigender,Cogibox,German,04-0545723,Mrs,2015/2/15,,,
315,Rickey,Drezzer,rdrezzer8q@storify.com,Genderqueer,Rhycero,Latvian,33-5782494,Dr,2015/2/15,,,
316,Erena,Downey,edowney8r@webnode.com,Agender,Yodo,Albanian,76-4897681,Mrs,2015/2/15,,,
317,Rowan,Jaycocks,rjaycocks8s@technorati.com,Agender,Camido,Catalan,48-7768455,Dr,2015/2/15,,,
318,Nissie,Morgan,nmorgan8t@earthlink.net,Bigender,Photofeed,Tajik,17-7697521,Ms,2015/2/15,,,
319,Kenny,Camilleri,kcamilleri8u@dailymail.co.uk,Genderfluid,Tagfeed,Amharic,79-9902889,Dr,2015/2/15,,,
320,Deb,Faughny,dfaughny8v@goo.gl,Female,Ntag,Kurdish,81-0280867,Dr,2015/2/15,,,
321,Jena,Orleton,jorleton8w@gmpg.org,Non-binary,Skipfire,Macedonian,99-4972645,Ms,2015/2/15,,,
322,Agnese,Roberson,aroberson8x@dailymail.co.uk,Non-binary,Edgeblab,Kashmiri,87-5976043,Mrs,2015/2/15,,,
323,Ibby,Presdee,ipresdee8y@nasa.gov,Non-binary,Lajo,Kyrgyz,98-1541362,Dr,2015/2/15,,,
324,Rhett,Tours,rtours8z@japanpost.jp,Male,Zoonoodle,Thai,11-2143727,Dr,2015/2/15,,,
325,Garey,Roly,groly90@phpbb.com,Bigender,Cogidoo,Dzongkha,46-4699316,Dr,2015/2/15,,,
326,Thoma,Dowyer,tdowyer91@sohu.com,Bigender,Tambee,Tswana,82-7181079,Dr,2015/2/15,,,
327,Chev,Dimbleby,cdimbleby92@ca.gov,Bigender,Talane,Irish Gaelic,52-3074658,Ms,2015/2/15,,,
328,Flemming,Stanfield,fstanfield93@edublogs.org,Non-binary,Vimbo,Tamil,19-2174815,Mr,2015/2/15,,,
329,Liesa,Hairon,lhairon94@adobe.com,Non-binary,Rhynyx,Portuguese,98-0805322,Dr,2015/2/15,,,
330,Langston,Cheston,lcheston95@stanford.edu,Female,Browsetype,Norwegian,24-0903651,Dr,2015/2/15,,,
331,Mellisent,Elvish,melvish96@princeton.edu,Agender,Skinder,Swati,56-7756238,Dr,2015/2/15,,,
332,Staffard,Critch,scritch97@army.mil,Female,Topicblab,Chinese,48-5487534,Mr,2015/2/15,,,
333,Fred,Gaither,fgaither98@networkadvertising.org,Agender,Mydeo,Fijian,69-6374625,Mrs,2015/2/15,,,
334,Quinn,Gerritzen,qgerritzen99@reddit.com,Male,Eabox,Thai,98-7349874,Dr,2015/2/15,,,
335,Ethelind,Hesbrook,ehesbrook9a@simplemachines.org,Bigender,Avavee,Filipino,80-4279737,Dr,2015/2/15,,,
336,Lanie,Parker,lparker9b@chron.com,Male,Topicware,Papiamento,50-8842625,Mr,2015/2/15,,,
337,Marshal,McSkin,mmcskin9c@noaa.gov,Female,Thoughtstorm,Maltese,90-1580075,Mrs,2015/2/15,,,
338,Eduard,Fruser,efruser9d@arizona.edu,Genderfluid,Babbleblab,Bulgarian,20-6682901,Dr,2015/2/15,,,
339,Nicolis,Wayper,nwayper9e@abc.net.au,Genderqueer,Jaxworks,Persian,37-3323156,Dr,2015/2/15,,,
340,Nestor,Kase,nkase9f@earthlink.net,Non-binary,Twinte,Oriya,78-1397862,Dr,2015/2/15,,,
341,Louella,Gourlie,lgourlie9g@gravatar.com,Polygender,Camimbo,Estonian,52-4431461,Mr,2015/2/15,,,
342,Myrna,Scotchforth,mscotchforth9h@yolasite.com,Non-binary,Kwilith,Oriya,90-7430793,Dr,2015/2/15,,,
343,Jourdain,Temple,jtemple9i@archive.org,Polygender,Yakitri,West Frisian,35-1180570,Dr,2015/2/15,,,
344,Slade,Tolle,stolle9j@hao123.com,Male,Snaptags,Hiri Motu,50-5535842,Dr,2015/2/15,,,
345,Matty,Conerding,mconerding9k@geocities.jp,Polygender,Edgeclub,Czech,15-6791711,Mr,2015/2/15,,,
346,Frants,Gibben,fgibben9l@comcast.net,Genderqueer,Meedoo,Dhivehi,59-0777144,Ms,2015/2/15,,,
347,Lambert,Bayston,lbayston9m@unicef.org,Polygender,JumpXS,Kazakh,21-7413960,Mr,2015/2/15,,,
348,Falkner,Dudeney,fdudeney9n@fda.gov,Genderqueer,Realblab,Romanian,26-8677421,Dr,2015/2/15,,,
349,Zarla,Kalinowsky,zkalinowsky9o@blog.com,Polygender,Browsedrive,Finnish,81-5686304,Mrs,2015/2/15,,,
350,Lancelot,Delahunt,ldelahunt9p@oakley.com,Male,Wordtune,Swahili,11-7128852,Ms,2015/2/15,,,
351,Noby,Mostin,nmostin9q@amazon.de,Male,Feedfish,Hungarian,25-9814383,Mr,2015/2/15,,,
352,Adena,Swate,aswate9r@fda.gov,Genderqueer,Mydo,Chinese,50-7901104,Ms,2015/2/15,,,
353,Gannon,Ettery,gettery9s@uiuc.edu,Polygender,Skimia,Hebrew,24-4443249,Ms,2015/2/15,,,
354,Davide,Uwins,duwins9t@google.cn,Male,Centizu,Lithuanian,72-2183508,Mrs,2015/2/15,,,
355,Betsey,Biford,bbiford9u@senate.gov,Genderqueer,Camimbo,Zulu,48-7215645,Ms,2015/2/15,,,
356,Patti,Stancer,pstancer9v@webnode.com,Agender,Shuffletag,Assamese,49-7632252,Dr,2015/2/15,,,
357,Vanya,Hazeldean,vhazeldean9w@yahoo.com,Male,Zoomlounge,Oriya,30-9015132,Dr,2015/2/15,,,
358,Hamid,Vickers,hvickers9x@bandcamp.com,Polygender,Skivee,Quechua,67-1152463,Dr,2015/2/15,,,
359,Josepha,Tring,jtring9y@msu.edu,Female,Feedfish,Guaraní,27-2854708,Mr,2015/2/15,,,
360,Corby,Samsin,csamsin9z@about.me,Non-binary,Dabtype,Swati,40-3464214,Dr,2015/2/15,,,
361,Arlin,Brashaw,abrashawa0@rambler.ru,Female,Mynte,Guaraní,71-5570756,Ms,2015/2/15,,,
362,Cosme,Dorney,cdorneya1@theglobeandmail.com,Female,Mynte,Tsonga,79-9920546,Dr,2015/2/15,,,
363,Kit,Aldwich,kaldwicha2@sakura.ne.jp,Female,Wikivu,Amharic,25-3338281,Mrs,2015/2/15,,,
364,Karen,Dibdall,kdibdalla3@ucla.edu,Bigender,Wikivu,Tamil,38-3337058,Dr,2015/2/15,,,
365,Davin,Rubinlicht,drubinlichta4@liveinternet.ru,Bigender,Twitterbeat,Belarusian,80-7896148,Dr,2015/2/15,,,
366,Bianka,Croxford,bcroxforda5@salon.com,Genderfluid,Rhynoodle,Amharic,99-8998593,Dr,2015/2/15,,,
367,Maddalena,Ferguson,mfergusona6@macromedia.com,Agender,Jayo,Assamese,85-6911202,Mrs,2015/2/15,,,
368,Riley,Ruler,rrulera7@mapy.cz,Male,Plambee,Kurdish,42-0529545,Mr,2015/2/15,,,
369,Phebe,Gallamore,pgallamorea8@columbia.edu,Female,Skinix,Afrikaans,82-3955307,Dr,2015/2/15,,,
370,Vivianna,Loadman,vloadmana9@tmall.com,Male,Tagchat,Indonesian,39-4026270,Dr,2015/2/15,,,
371,Aymer,O'Driscole,aodriscoleaa@goodreads.com,Agender,Riffpedia,Hiri Motu,89-3793416,Mr,2015/2/15,,,
372,Wileen,Ryley,wryleyab@biglobe.ne.jp,Agender,Voomm,Croatian,10-7729586,Dr,2015/2/15,,,
373,Alida,Noulton,anoultonac@nsw.gov.au,Non-binary,Roomm,Georgian,17-9393655,Dr,2015/2/15,,,
374,Cinnamon,Thornborrow,cthornborrowad@answers.com,Non-binary,Agimba,Bengali,51-7150453,Mr,2015/2/15,,,
375,Donnie,Sample,dsampleae@msn.com,Female,Leenti,Irish Gaelic,55-2253574,Dr,2015/2/15,,,
376,Duke,Stace,dstaceaf@ow.ly,Male,Gigazoom,Fijian,65-8059274,Dr,2015/2/15,,,
377,Kippie,Stolberger,kstolbergerag@google.nl,Genderqueer,Babbleset,Quechua,13-1001744,Dr,2015/2/15,,,
378,Hobie,Wallis,hwallisah@imgur.com,Genderfluid,Quinu,Bulgarian,61-6710243,Dr,2015/2/15,,,
379,Henri,Van de Velde,hvandeveldeai@craigslist.org,Agender,Gabvine,Gagauz,98-1414657,Mrs,2015/2/15,,,
380,Ferd,Du Plantier,fduplantieraj@nifty.com,Genderqueer,Livepath,Tetum,51-2461799,Ms,2015/2/15,,,
381,Basil,Dallman,bdallmanak@paypal.com,Bigender,Tazzy,Lithuanian,00-5333293,Ms,2015/2/15,,,
382,Enrika,Bessett,ebessettal@eventbrite.com,Genderqueer,Topicshots,Italian,34-8489533,Mr,2015/2/15,,,
383,Reade,Michin,rmichinam@hc360.com,Male,Blognation,Greek,52-6288822,Dr,2015/2/15,,,
384,Patton,Caccavella,pcaccavellaan@netvibes.com,Genderqueer,Pixoboo,Portuguese,38-3787762,Mr,2015/2/15,,,
385,Dalton,Priestland,dpriestlandao@yahoo.co.jp,Bigender,Kaymbo,Tetum,65-9729836,Mrs,2015/2/15,,,
386,Dareen,Domonkos,ddomonkosap@multiply.com,Genderfluid,Jaloo,Albanian,29-2845760,Mrs,2015/2/15,,,
387,Araldo,Rush,arushaq@yolasite.com,Genderfluid,Kazio,Northern Sotho,65-5535768,Mrs,2015/2/15,,,
388,Roldan,Scouller,rscoullerar@de.vu,Non-binary,Buzzdog,Indonesian,25-9206576,Dr,2015/2/15,,,
389,Marcy,Seid,mseidas@sakura.ne.jp,Agender,Layo,Swati,79-7043383,Dr,2015/2/15,,,
390,Daffie,Bollom,dbollomat@vkontakte.ru,Genderqueer,Jabbersphere,Swahili,31-5441148,Mrs,2015/2/15,,,
391,Artie,Duns,adunsau@clickbank.net,Agender,Zoomdog,Italian,75-0233782,Dr,2015/2/15,,,
392,Merry,Kissell,mkissellav@cnet.com,Bigender,Brainverse,Sotho,06-2743098,Mrs,2015/2/15,,,
393,Briano,Moir,bmoiraw@si.edu,Male,Kare,Zulu,66-6109157,Dr,2015/2/15,,,
394,Kerry,Thorrington,kthorringtonax@360.cn,Female,Photojam,Tok Pisin,14-8234458,Dr,2015/2/15,,,
395,Luke,Kermitt,lkermittay@berkeley.edu,Polygender,Aimbu,Nepali,29-1821241,Mr,2015/2/15,,,
396,Nedda,Earl,nearlaz@nbcnews.com,Genderfluid,Avamba,Afrikaans,53-5018599,Mrs,2015/2/15,,,
397,Blinni,Runciman,bruncimanb0@pbs.org,Non-binary,Youspan,Mongolian,37-2552177,Mrs,2015/2/15,,,
398,Charmane,Sampson,csampsonb1@pagesperso-orange.fr,Polygender,Dablist,Korean,48-6916253,Dr,2015/2/15,,,
399,Betteann,Wildish,bwildishb2@geocities.com,Polygender,Yodoo,Persian,46-6833437,Dr,2015/2/15,,,
400,Jackqueline,Leipelt,jleipeltb3@amazonaws.com,Male,Jaxworks,Yiddish,28-7539493,Mr,2015/2/15,,,
401,Kristine,Leathers,kleathersb4@ask.com,Polygender,Topicware,Georgian,51-7078746,Mr,2015/2/15,,,
402,Skipper,Rowlings,srowlingsb5@npr.org,Genderfluid,Mydeo,Tamil,20-9113782,Mr,2015/2/15,,,
403,Joleen,Geater,jgeaterb6@cbsnews.com,Polygender,Rhycero,Burmese,38-1219394,Dr,2015/2/15,,,
404,Alecia,Waddy,awaddyb7@istockphoto.com,Polygender,Quamba,Malayalam,82-2268789,Dr,2015/2/15,,,
405,Michel,Ramsey,mramseyb8@pinterest.com,Non-binary,Quinu,Bosnian,23-4746921,Dr,2015/2/15,,,
406,Quintina,Haizelden,qhaizeldenb9@mozilla.org,Female,Fatz,Danish,96-5342911,Dr,2015/2/15,,,
407,Corine,Cuskery,ccuskeryba@istockphoto.com,Genderfluid,Thoughtstorm,Norwegian,29-2845788,Dr,2015/2/15,,,
408,Effie,Ketteringham,eketteringhambb@chron.com,Female,Bubblemix,Danish,97-3282057,Dr,2015/2/15,,,
409,Lorry,Lehrer,llehrerbc@godaddy.com,Bigender,Photojam,Hindi,97-0342962,Dr,2015/2/15,,,
410,Lolita,Bonar,lbonarbd@domainmarket.com,Genderfluid,Devpulse,New Zealand Sign Language,19-5275787,Dr,2015/2/15,,,
411,Brunhilda,Birkhead,bbirkheadbe@moonfruit.com,Bigender,Avavee,Korean,95-2319768,Dr,2015/2/15,,,
412,Van,Sambedge,vsambedgebf@stumbleupon.com,Polygender,Aimbo,Ndebele,86-6566605,Mrs,2015/2/15,,,
413,Lilas,Spriggen,lspriggenbg@linkedin.com,Female,Photofeed,Bosnian,61-9020201,Dr,2015/2/15,,,
414,Darrel,Whitrod,dwhitrodbh@canalblog.com,Agender,Kazio,Bulgarian,32-4611345,Mr,2015/2/15,,,
415,Hashim,Haime,hhaimebi@cnet.com,Non-binary,Centizu,French,97-3920868,Mr,2015/2/15,,,
416,Dale,Hammonds,dhammondsbj@angelfire.com,Genderqueer,Kaymbo,Spanish,81-1934536,Dr,2015/2/15,,,
417,Leoline,Delieu,ldelieubk@army.mil,Agender,Eare,Fijian,46-8894107,Dr,2015/2/15,,,
418,Kerstin,D'Aguanno,kdaguannobl@angelfire.com,Non-binary,Skyvu,Danish,91-1324313,Mr,2015/2/15,,,
419,Alfonso,Guillford,aguillfordbm@hc360.com,Female,Ailane,Zulu,93-2920119,Mrs,2015/2/15,,,
420,Crysta,Beckingham,cbeckinghambn@blogtalkradio.com,Bigender,Dabvine,Persian,51-2173203,Ms,2015/2/15,,,
421,Dinah,McLemon,dmclemonbo@mozilla.com,Non-binary,Browsezoom,Punjabi,29-7531339,Mrs,2015/2/15,,,
422,Redford,Rillett,rrillettbp@whitehouse.gov,Non-binary,Browsebug,Bislama,60-6512800,Mrs,2015/2/15,,,
423,Nels,Rodmell,nrodmellbq@indiegogo.com,Genderqueer,Eadel,Romanian,64-1029091,Mrs,2015/2/15,,,
424,Klaus,Manson,kmansonbr@a8.net,Non-binary,Photospace,Swedish,44-0754379,Dr,2015/2/15,,,
425,Rosmunda,Worsnop,rworsnopbs@go.com,Male,Devcast,Hungarian,76-4598980,Dr,2015/2/15,,,
426,Adan,Videneev,avideneevbt@adobe.com,Male,Thoughtbridge,Luxembourgish,15-8168388,Dr,2015/2/15,,,
427,Gabi,Gullefant,ggullefantbu@irs.gov,Bigender,Buzzbean,Estonian,91-9479457,Dr,2015/2/15,,,
428,Bettye,Yusupov,byusupovbv@jiathis.com,Male,Innotype,Catalan,46-2150345,Dr,2015/2/15,,,
429,Shaina,Attwooll,sattwoollbw@amazon.com,Male,Trupe,Spanish,86-4853618,Dr,2015/2/15,,,
430,Merna,Hritzko,mhritzkobx@soup.io,Female,Feedmix,Yiddish,02-6770385,Dr,2015/2/15,,,
431,Rhona,Deschelle,rdeschelleby@google.fr,Genderfluid,Skinder,Dhivehi,66-1320005,Dr,2015/2/15,,,
432,Kizzee,Faux,kfauxbz@paypal.com,Female,Oodoo,Swahili,84-7489924,Dr,2015/2/15,,,
433,Thurstan,Faas,tfaasc0@cloudflare.com,Bigender,Yakidoo,West Frisian,50-9077630,Dr,2015/2/15,,,
434,Starlene,Bridgen,sbridgenc1@hubpages.com,Bigender,Kimia,Guaraní,05-0604068,Dr,2015/2/15,,,
435,Aggi,Rodear,arodearc2@weebly.com,Genderqueer,Plambee,Latvian,31-8423641,Mrs,2015/2/15,,,
436,Tiertza,Fust,tfustc3@wufoo.com,Male,Skyndu,Dutch,15-9323828,Dr,2015/2/15,,,
437,Jolene,Cobello,jcobelloc4@nationalgeographic.com,Polygender,Aimbo,Hungarian,59-2510461,Dr,2015/2/15,,,
438,Kenna,Tallyn,ktallync5@dedecms.com,Genderfluid,Feednation,Ndebele,66-0236826,Dr,2015/2/15,,,
439,Freida,Biaggioli,fbiaggiolic6@unesco.org,Genderfluid,Shuffletag,Haitian Creole,10-1058284,Dr,2015/2/15,,,
440,Wilt,Felderer,wfeldererc7@topsy.com,Genderfluid,Dynazzy,Hungarian,13-8663066,Dr,2015/2/15,,,
441,Kelwin,Warlock,kwarlockc8@yolasite.com,Male,Thoughtstorm,Bosnian,49-2312622,Ms,2015/2/15,,,
442,Halsy,Coiley,hcoileyc9@nymag.com,Polygender,Feedbug,Czech,29-5443823,Ms,2015/2/15,,,
443,Kendra,Lehon,klehonca@umn.edu,Genderqueer,Gabspot,Malayalam,31-7655339,Dr,2015/2/15,,,
444,Elly,Balf,ebalfcb@barnesandnoble.com,Female,InnoZ,Armenian,89-2264976,Dr,2015/2/15,,,
445,Jud,Matthews,jmatthewscc@amazon.de,Genderfluid,Edgeblab,Icelandic,77-0218934,Dr,2015/2/15,,,
446,Ahmad,Brolechan,abrolechancd@samsung.com,Genderfluid,Topicstorm,Mongolian,00-2060523,Mr,2015/2/15,,,
447,Nalani,Ealles,neallesce@icio.us,Male,Devbug,Albanian,55-1283005,Ms,2015/2/15,,,
448,Bonita,Oglethorpe,boglethorpecf@fema.gov,Bigender,Browsebug,Fijian,72-5731637,Dr,2015/2/15,,,
449,Kayne,Childs,kchildscg@myspace.com,Non-binary,Devbug,Spanish,90-5623623,Ms,2015/2/15,,,
450,Cindi,Manifield,cmanifieldch@macromedia.com,Female,Photospace,Albanian,26-4123376,Dr,2015/2/15,,,
451,Delcine,Dilon,ddilonci@psu.edu,Genderqueer,Youfeed,Oriya,22-6828791,Mr,2015/2/15,,,
452,Caddric,Reihm,creihmcj@nymag.com,Agender,Twitterbeat,Bosnian,48-2081093,Dr,2015/2/15,,,
453,Iris,Cowling,icowlingck@jugem.jp,Genderqueer,Leexo,Malay,26-3485985,Dr,2015/2/15,,,
454,Reagen,Haslen,rhaslencl@wired.com,Genderfluid,Layo,Bosnian,03-2696592,Dr,2015/2/15,,,
455,Glen,Fellibrand,gfellibrandcm@t.co,Genderqueer,Izio,Bislama,70-1456796,Dr,2015/2/15,,,
456,Mikey,Tupling,mtuplingcn@biglobe.ne.jp,Genderfluid,Meevee,Italian,46-5111221,Ms,2015/2/15,,,
457,Caryl,Woodruffe,cwoodruffeco@dmoz.org,Polygender,Oyoloo,Bulgarian,09-3652784,Dr,2015/2/15,,,
458,Kev,Simonard,ksimonardcp@disqus.com,Genderqueer,Zoovu,Bosnian,61-0920960,Ms,2015/2/15,,,
459,Charo,Spur,cspurcq@wufoo.com,Polygender,Aivee,Maltese,38-6138322,Dr,2015/2/15,,,
460,Duane,Denton,ddentoncr@imdb.com,Agender,Kwinu,Malay,15-0228823,Mr,2015/2/15,,,
461,Angie,Seiler,aseilercs@theguardian.com,Genderqueer,Skivee,Tajik,88-3623767,Mr,2015/2/15,,,
462,Dare,Vasenkov,dvasenkovct@prlog.org,Non-binary,Centimia,Tajik,61-2436276,Dr,2015/2/15,,,
463,Karissa,Donisi,kdonisicu@symantec.com,Genderfluid,Blognation,Hebrew,15-1051888,Ms,2015/2/15,,,
464,Matthus,Marchand,mmarchandcv@hostgator.com,Male,Blognation,Tswana,49-2762040,Ms,2015/2/15,,,
465,Sly,Methingam,smethingamcw@github.com,Genderqueer,Zoozzy,Amharic,31-9745612,Mrs,2015/2/15,,,
466,Rurik,Clearley,rclearleycx@amazon.com,Male,Ntag,Fijian,07-2954617,Mrs,2015/2/15,,,
467,Colas,Tunbridge,ctunbridgecy@hhs.gov,Agender,Zoozzy,Guaraní,24-0933034,Dr,2015/2/15,,,
468,Archy,Dobbs,adobbscz@nifty.com,Male,Gigashots,Mongolian,66-6548805,Dr,2015/2/15,,,
469,Gretna,Caldecourt,gcaldecourtd0@facebook.com,Polygender,Dabvine,Malayalam,01-4255356,Mrs,2015/2/15,,,
470,Francine,Janas,fjanasd1@telegraph.co.uk,Agender,Jayo,Nepali,75-9667119,Dr,2015/2/15,,,
471,Ernest,Olivello,eolivellod2@digg.com,Genderfluid,Vimbo,Somali,99-6005719,Dr,2015/2/15,,,
472,Teddy,Massard,tmassardd3@4shared.com,Non-binary,Thoughtblab,Khmer,96-7703648,Dr,2015/2/15,,,
473,Wally,Grigg,wgriggd4@rakuten.co.jp,Female,Jabberbean,Marathi,31-5530044,Mrs,2015/2/15,,,
474,Culley,Cleaver,ccleaverd5@nature.com,Female,Meedoo,Belarusian,99-9042302,Dr,2015/2/15,,,
475,Aurilia,McElhargy,amcelhargyd6@examiner.com,Genderqueer,Vimbo,Icelandic,85-5485276,Mr,2015/2/15,,,
476,Mildred,Penswick,mpenswickd7@purevolume.com,Agender,Topdrive,Danish,85-1348652,Ms,2015/2/15,,,
477,Bertram,Carragher,bcarragherd8@cornell.edu,Non-binary,Skalith,Indonesian,36-3935645,Mr,2015/2/15,,,
478,Yovonnda,Regglar,yregglard9@nps.gov,Female,Ntag,Khmer,00-4490541,Mr,2015/2/15,,,
479,Bernadine,Darbyshire,bdarbyshireda@soundcloud.com,Female,Kwimbee,Amharic,15-7173827,Dr,2015/2/15,,,
480,Jayne,Cowope,jcowopedb@springer.com,Polygender,Innojam,Gagauz,29-4669774,Dr,2015/2/15,,,
481,Nolana,Frazer,nfrazerdc@npr.org,Bigender,Gigashots,Malayalam,43-6455780,Mr,2015/2/15,,,
482,Carolynn,Edds,ceddsdd@forbes.com,Bigender,Flashset,Norwegian,99-6728405,Dr,2015/2/15,,,
483,Brad,Swift,bswiftde@telegraph.co.uk,Female,Teklist,Kurdish,41-2471927,Dr,2015/2/15,,,
484,Lilla,Hamman,lhammandf@miitbeian.gov.cn,Polygender,Zooveo,Yiddish,68-9961794,Ms,2015/2/15,,,
485,Erastus,MacCahey,emaccaheydg@bing.com,Genderqueer,Kamba,Romanian,65-3557029,Mr,2015/2/15,,,
486,Andromache,Gore,agoredh@rambler.ru,Male,Zoonder,Mongolian,27-9899177,Dr,2015/2/15,,,
487,Barty,Moon,bmoondi@t.co,Bigender,Devpulse,Gagauz,55-0953642,Mrs,2015/2/15,,,
488,Kally,Fernier,kfernierdj@nature.com,Genderfluid,Flipopia,Estonian,24-8261986,Dr,2015/2/15,,,
489,Benedict,Maric,bmaricdk@elegantthemes.com,Female,Jaxspan,Moldovan,77-9477791,Mrs,2015/2/15,,,
490,Florette,Andrioletti,fandriolettidl@scribd.com,Non-binary,Realcube,Italian,97-1882161,Dr,2015/2/15,,,
491,Sabina,Gori,sgoridm@virginia.edu,Male,Mybuzz,Kannada,89-4444650,Mr,2015/2/15,,,
492,Gideon,Gayne,ggaynedn@ebay.co.uk,Female,Skimia,Telugu,73-4621621,Dr,2015/2/15,,,
493,Clayton,Caesmans,ccaesmansdo@sogou.com,Non-binary,Layo,Zulu,45-7785279,Ms,2015/2/15,,,
494,Marthe,Huthart,mhuthartdp@gov.uk,Genderfluid,Midel,Dari,11-2066671,Mr,2015/2/15,,,
495,Igor,Branchet,ibranchetdq@cornell.edu,Bigender,Rhycero,Somali,48-0607833,Dr,2015/2/15,,,
496,Gamaliel,Kleinzweig,gkleinzweigdr@blogtalkradio.com,Male,Devify,Swati,12-0504772,Dr,2015/2/15,,,
497,Gennie,Leveritt,gleverittds@theglobeandmail.com,Male,Realcube,New Zealand Sign Language,21-2915644,Mrs,2015/2/15,,,
498,Jillie,Sivil,jsivildt@devhub.com,Polygender,Pixoboo,Tswana,58-1807474,Mr,2015/2/15,,,
499,Sheeree,Perree,sperreedu@dedecms.com,Polygender,Mydo,Dhivehi,67-5080222,Dr,2015/2/15,,,
500,Loni,McInteer,lmcinteerdv@hexun.com,Polygender,Myworks,Bengali,94-7388062,Dr,2015/2/15,,,
501,Base,Martygin,bmartygindw@npr.org,Agender,Aibox,Haitian Creole,55-9854795,Dr,2015/2/15,,,
502,Gnni,Drewry,gdrewrydx@webs.com,Non-binary,Bubbletube,Moldovan,93-9932082,Ms,2015/2/15,,,
503,Ines,Graysmark,igraysmarkdy@friendfeed.com,Polygender,Edgeblab,Latvian,12-3436654,Ms,2015/2/15,,,
504,Almeta,McAvin,amcavindz@cyberchimps.com,Bigender,Gabcube,Tok Pisin,09-3108317,Dr,2015/2/15,,,
505,Joe,Battelle,jbattellee0@blogs.com,Bigender,Omba,Maltese,08-4361392,Mrs,2015/2/15,,,
506,Eleonore,Parfitt,eparfitte1@example.com,Bigender,Flipopia,Khmer,36-6407303,Mrs,2015/2/15,,,
507,Agna,McEntagart,amcentagarte2@yandex.ru,Female,Fatz,Bengali,50-8984295,Dr,2015/2/15,,,
508,Wanda,Nuton,wnutone3@goo.ne.jp,Genderqueer,Trudeo,Lithuanian,29-0167110,Mrs,2015/2/15,,,
509,Filmer,Patty,fpattye4@baidu.com,Non-binary,Jabbercube,Assamese,09-6479101,Dr,2015/2/15,,,
510,Eydie,Tillerton,etillertone5@spiegel.de,Female,Vitz,Luxembourgish,62-6097836,Mrs,2015/2/15,,,
511,Emmalyn,Sambals,esambalse6@geocities.jp,Bigender,Jabbersphere,Lao,40-3891476,Dr,2015/2/15,,,
512,Dorisa,Clurow,dclurowe7@go.com,Genderqueer,Agivu,Tetum,22-0503982,Dr,2015/2/15,,,
513,Candice,Cammell,ccammelle8@hexun.com,Male,Mita,Portuguese,51-2598326,Mr,2015/2/15,,,
514,Maribelle,Elms,melmse9@tuttocitta.it,Polygender,Flashpoint,Hiri Motu,57-9097884,Ms,2015/2/15,,,
515,Eldridge,D'Adamo,edadamoea@is.gd,Agender,Gabtype,Hebrew,05-9829537,Dr,2015/2/15,,,
516,Thaddeus,Stalman,tstalmaneb@topsy.com,Polygender,Gabspot,Moldovan,43-5361022,Mr,2015/2/15,,,
517,Annie,Southerns,asouthernsec@simplemachines.org,Genderqueer,Zoomcast,Punjabi,21-2857810,Mrs,2015/2/15,,,
518,Patrizia,Labrum,plabrumed@craigslist.org,Genderqueer,Mynte,Japanese,71-7904815,Dr,2015/2/15,,,
519,Merwyn,Maliffe,mmaliffeee@irs.gov,Agender,Jazzy,Bislama,95-5164084,Ms,2015/2/15,,,
520,Igor,Yerrell,iyerrellef@multiply.com,Genderfluid,Tagpad,Kazakh,20-2974022,Mrs,2015/2/15,,,
521,Roseline,Fergie,rfergieeg@bing.com,Genderfluid,Yodel,Luxembourgish,66-4009046,Dr,2015/2/15,,,
522,Lorita,Leahy,lleahyeh@gnu.org,Female,Voolith,Lao,36-2938826,Dr,2015/2/15,,,
523,Maribelle,Gosneye,mgosneyeei@vimeo.com,Polygender,LiveZ,Luxembourgish,93-1675526,Dr,2015/2/15,,,
524,Cecilius,Dyka,cdykaej@merriam-webster.com,Genderfluid,Flipopia,Azeri,99-2480664,Ms,2015/2/15,,,
525,Rolph,Connaughton,rconnaughtonek@shinystat.com,Polygender,Vinder,Malay,85-3315284,Dr,2015/2/15,,,
526,Leonidas,De Zamudio,ldezamudioel@artisteer.com,Female,Thoughtbeat,Oriya,26-9682919,Mr,2015/2/15,,,
527,Marice,Widdowfield,mwiddowfieldem@g.co,Non-binary,Plajo,Bulgarian,41-3558455,Ms,2015/2/15,,,
528,Berkeley,Brickhill,bbrickhillen@360.cn,Female,Jabberstorm,Kyrgyz,97-4925943,Dr,2015/2/15,,,
529,Teirtza,Leyman,tleymaneo@jigsy.com,Polygender,Eidel,Zulu,31-4520915,Dr,2015/2/15,,,
530,Lowell,Wycliff,lwycliffep@bloglovin.com,Polygender,Tagtune,Haitian Creole,39-6273169,Mr,2015/2/15,,,
531,Warden,Parvin,wparvineq@nationalgeographic.com,Male,Gabtune,Afrikaans,88-2979699,Dr,2015/2/15,,,
532,Tiff,Shead,tsheader@boston.com,Bigender,Twiyo,Estonian,61-2649636,Mrs,2015/2/15,,,
533,Guillemette,Amys,gamyses@csmonitor.com,Genderfluid,Katz,Catalan,68-9336864,Ms,2015/2/15,,,
534,Demetria,Wager,dwageret@photobucket.com,Non-binary,Skajo,English,59-0696551,Ms,2015/2/15,,,
535,Hendrika,Ragsdall,hragsdalleu@sun.com,Male,Browsecat,Tamil,36-6028818,Dr,2015/2/15,,,
536,Yolanthe,Bapty,ybaptyev@cpanel.net,Genderqueer,Oozz,Lao,14-3195697,Dr,2015/2/15,,,
537,Link,Allot,lallotew@dailymail.co.uk,Bigender,Gigashots,Bosnian,50-7864850,Mrs,2015/2/15,,,
538,Fayre,Wetherick,fwetherickex@theatlantic.com,Genderfluid,Cogibox,Pashto,33-9436512,Mrs,2015/2/15,,,
539,Zelma,Bone,zboneey@ucoz.com,Agender,Katz,Filipino,58-6087600,Ms,2015/2/15,,,
540,Leeland,Thatcher,lthatcherez@purevolume.com,Agender,Edgepulse,Spanish,89-3247874,Mrs,2015/2/15,,,
541,Lonee,Cullotey,lculloteyf0@stanford.edu,Polygender,Quatz,Nepali,96-0628768,Mr,2015/2/15,,,
542,Andria,Colum,acolumf1@accuweather.com,Genderqueer,Twiyo,Sotho,52-7175208,Ms,2015/2/15,,,
543,Berkie,Kelleher,bkelleherf2@theatlantic.com,Polygender,Skinte,Afrikaans,48-7076353,Dr,2015/2/15,,,
544,Melissa,Musicka,mmusickaf3@alexa.com,Polygender,Twitterbridge,Tok Pisin,99-9791566,Mrs,2015/2/15,,,
545,Claudelle,Michal,cmichalf4@netvibes.com,Polygender,Feedfish,Dzongkha,18-4357477,Dr,2015/2/15,,,
546,Silvanus,Barritt,sbarrittf5@cbsnews.com,Agender,Eazzy,Guaraní,86-2630207,Ms,2015/2/15,,,
547,Quintana,Moline,qmolinef6@xrea.com,Female,Thoughtstorm,Oriya,59-1798993,Dr,2015/2/15,,,
548,Marianna,Jerrard,mjerrardf7@plala.or.jp,Genderqueer,Thoughtbeat,Northern Sotho,60-2497142,Dr,2015/2/15,,,
549,Riannon,Haker,rhakerf8@huffingtonpost.com,Genderqueer,Twiyo,Catalan,03-0891752,Mr,2015/2/15,,,
550,Harry,Line,hlinef9@bbb.org,Female,Trudoo,Bislama,78-0889487,Mr,2015/2/15,,,
551,Andy,Sellors,asellorsfa@wufoo.com,Agender,Vimbo,Italian,22-1380186,Mr,2015/2/15,,,
552,Cyrill,Isac,cisacfb@cnet.com,Genderfluid,Dynabox,Bislama,86-7388020,Mrs,2015/2/15,,,
553,Melesa,Sobczak,msobczakfc@ebay.co.uk,Genderqueer,Youfeed,Kashmiri,77-8850780,Dr,2015/2/15,,,
554,Sephira,Prendiville,sprendivillefd@shareasale.com,Genderfluid,Livefish,Dzongkha,72-8814478,Dr,2015/2/15,,,
555,Liva,Meltetal,lmeltetalfe@amazon.de,Genderqueer,Snaptags,Hebrew,95-7686928,Dr,2015/2/15,,,
556,Guillema,Peart,gpeartff@businessinsider.com,Female,Babbleblab,French,19-6938716,Mrs,2015/2/15,,,
557,Bobinette,Androck,bandrockfg@ycombinator.com,Genderqueer,Flipstorm,Afrikaans,04-5492322,Ms,2015/2/15,,,
558,Melonie,Casel,mcaselfh@123-reg.co.uk,Female,Devcast,Dhivehi,63-7126277,Mrs,2015/2/15,,,
559,Clareta,Beaven,cbeavenfi@sphinn.com,Male,Dynava,Oriya,14-2879870,Mr,2015/2/15,,,
560,Maura,Cantle,mcantlefj@craigslist.org,Female,Podcat,Belarusian,32-6442897,Mr,2015/2/15,,,
561,Kelcy,Marusyak,kmarusyakfk@bbc.co.uk,Agender,Skipstorm,Hungarian,49-8272860,Mrs,2015/2/15,,,
562,Betsey,Flemmich,bflemmichfl@nih.gov,Female,Quimm,Korean,93-3537355,Mrs,2015/2/15,,,
563,Emery,Pomphrey,epomphreyfm@sfgate.com,Non-binary,Wikido,Assamese,21-9777427,Mrs,2015/2/15,,,
564,Kristi,Brook,kbrookfn@usda.gov,Non-binary,Shufflester,Persian,88-9031723,Mr,2015/2/15,,,
565,Yoshiko,Bing,ybingfo@seesaa.net,Non-binary,Brainverse,Burmese,54-7840298,Dr,2015/2/15,,,
566,Abelard,Tait,ataitfp@mozilla.org,Agender,Mudo,Norwegian,43-6381942,Dr,2015/2/15,,,
567,Liana,Von Oertzen,lvonoertzenfq@webeden.co.uk,Genderfluid,Feedspan,Marathi,60-0886885,Mrs,2015/2/15,,,
568,Elnore,Craddock,ecraddockfr@msn.com,Male,Flashset,Somali,12-8825198,Dr,2015/2/15,,,
569,Pennie,Bockler,pbocklerfs@amazonaws.com,Agender,Agimba,Czech,83-7409380,Dr,2015/2/15,,,
570,Trace,Marle,tmarleft@patch.com,Bigender,Fivechat,Aymara,87-3697445,Mr,2015/2/15,,,
571,Cathe,Farlow,cfarlowfu@g.co,Bigender,Lazzy,Finnish,46-0732290,Mr,2015/2/15,,,
572,Denise,Veneur,dveneurfv@cdbaby.com,Agender,Midel,Kannada,30-7953849,Ms,2015/2/15,,,
573,Towny,Rihosek,trihosekfw@salon.com,Genderqueer,Meembee,Greek,72-8772975,Dr,2015/2/15,,,
574,Sanford,Daldry,sdaldryfx@surveymonkey.com,Male,Babblestorm,Georgian,02-7841801,Dr,2015/2/15,,,
575,Roze,Mion,rmionfy@wired.com,Bigender,Fatz,Icelandic,66-9416935,Dr,2015/2/15,,,
576,Rita,Carleman,rcarlemanfz@eventbrite.com,Non-binary,Yodo,Bosnian,95-1682254,Dr,2015/2/15,,,
577,Sim,Stopher,sstopherg0@icio.us,Non-binary,Ailane,Italian,89-6263952,Ms,2015/2/15,,,
578,Audry,Lyddon,alyddong1@dailymotion.com,Non-binary,Mydeo,Armenian,68-3508624,Dr,2015/2/15,,,
579,Prudi,Pilpovic,ppilpovicg2@trellian.com,Bigender,Tanoodle,Belarusian,21-1294482,Mr,2015/2/15,,,
580,Vitoria,Kaplan,vkaplang3@epa.gov,Genderfluid,Jabbertype,Romanian,28-9762105,Mrs,2015/2/15,,,
581,Ofilia,Loftie,oloftieg4@wisc.edu,Agender,Kwilith,Dzongkha,03-2124942,Ms,2015/2/15,,,
582,Amandie,Lanphere,alanphereg5@amazon.co.jp,Non-binary,Divavu,Aymara,87-5541587,Dr,2015/2/15,,,
583,Inger,Pendrich,ipendrichg6@issuu.com,Non-binary,Geba,Dutch,83-4007944,Mrs,2015/2/15,,,
584,Kelila,Faustian,kfaustiang7@usa.gov,Agender,Youspan,Kashmiri,92-8114689,Dr,2015/2/15,,,
585,Orrin,Frohock,ofrohockg8@infoseek.co.jp,Genderqueer,Edgetag,Swahili,38-7487659,Ms,2015/2/15,,,
586,Lanae,Humby,lhumbyg9@ustream.tv,Bigender,Quatz,French,21-7218977,Ms,2015/2/15,,,
587,Barbi,Oliphant,boliphantga@tinypic.com,Female,Realmix,Burmese,36-4656778,Dr,2015/2/15,,,
588,Maud,Hinken,mhinkengb@nsw.gov.au,Genderfluid,Topiclounge,Romanian,72-7114013,Dr,2015/2/15,,,
589,Minta,Craydon,mcraydongc@ca.gov,Male,Fadeo,Haitian Creole,88-9973026,Mr,2015/2/15,,,
590,Franz,Niemiec,fniemiecgd@house.gov,Agender,Skimia,Thai,25-1203464,Dr,2015/2/15,,,
591,Ferdinande,Scopham,fscophamge@com.com,Male,Nlounge,New Zealand Sign Language,15-0558261,Dr,2015/2/15,,,
592,Cristine,Blinde,cblindegf@gov.uk,Bigender,Riffwire,Czech,04-9316139,Dr,2015/2/15,,,
593,Rollie,Racine,rracinegg@qq.com,Genderfluid,Rhyloo,Tajik,12-6929832,Dr,2015/2/15,,,
594,Neala,Celle,ncellegh@house.gov,Polygender,Oyondu,Fijian,33-6588650,Dr,2015/2/15,,,
595,Terrill,Allsworth,tallsworthgi@senate.gov,Bigender,Divanoodle,Yiddish,40-6817605,Ms,2015/2/15,,,
596,Christan,Pawelke,cpawelkegj@posterous.com,Genderfluid,Jabbercube,Danish,09-5049624,Dr,2015/2/15,,,
597,Oby,Ashplant,oashplantgk@businessinsider.com,Genderqueer,Tazz,Gujarati,76-0947998,Dr,2015/2/15,,,
598,Melvyn,Emlin,memlingl@reverbnation.com,Polygender,Ntag,Spanish,08-1368050,Dr,2015/2/15,,,
599,Garvy,Lorens,glorensgm@parallels.com,Genderqueer,Vinte,Tetum,77-4161817,Dr,2015/2/15,,,
600,Brenna,Iacabucci,biacabuccign@opera.com,Female,Rhyzio,Kashmiri,89-8603993,Dr,2015/2/15,,,
601,Abdul,Ovise,aovisego@typepad.com,Genderqueer,Oyondu,Montenegrin,99-6877705,Mr,2015/2/15,,,
602,Araldo,Bendik,abendikgp@auda.org.au,Bigender,Tanoodle,Hiri Motu,89-5736340,Dr,2015/2/15,,,
603,Karlyn,Conti,kcontigq@wikimedia.org,Agender,Realcube,Albanian,71-0899164,Dr,2015/2/15,,,
604,Odelle,Petford,opetfordgr@friendfeed.com,Polygender,Roombo,Bulgarian,90-3679019,Dr,2015/2/15,,,
605,Adolf,Bunclark,abunclarkgs@addthis.com,Male,Tagopia,Somali,02-4335252,Dr,2015/2/15,,,
606,Izabel,Napier,inapiergt@bluehost.com,Non-binary,Roomm,Mongolian,10-5127023,Dr,2015/2/15,,,
607,Felicle,Biaggiotti,fbiaggiottigu@slideshare.net,Genderfluid,Twitterbeat,Montenegrin,53-4861203,Mr,2015/2/15,,,
608,Viviyan,Hathaway,vhathawaygv@facebook.com,Male,DabZ,Gujarati,91-9872962,Mr,2015/2/15,,,
609,Brittney,Mengo,bmengogw@dagondesign.com,Female,Yodo,Swati,18-2716935,Ms,2015/2/15,,,
610,Gayelord,Glasard,gglasardgx@go.com,Female,Brainlounge,Swati,56-1394257,Dr,2015/2/15,,,
611,Randell,Noteyoung,rnoteyounggy@artisteer.com,Genderfluid,Cogibox,Tok Pisin,15-7137577,Mr,2015/2/15,,,
612,Arty,Coonihan,acoonihangz@squidoo.com,Non-binary,Midel,Quechua,79-7458858,Ms,2015/2/15,,,
613,Tandi,Wolverson,twolversonh0@marriott.com,Polygender,Thoughtstorm,Dari,04-5795854,Ms,2015/2/15,,,
614,Kaila,Code,kcodeh1@hexun.com,Agender,Jazzy,Arabic,71-5854411,Dr,2015/2/15,,,
615,Emmye,Cucinotta,ecucinottah2@si.edu,Female,Realpoint,Gagauz,13-1356396,Mr,2015/2/15,,,
616,Kim,Ipgrave,kipgraveh3@umich.edu,Male,Vitz,Macedonian,16-3431665,Dr,2015/2/15,,,
617,Chariot,Beharrell,cbeharrellh4@homestead.com,Genderfluid,Jamia,Burmese,63-2550833,Mr,2015/2/15,,,
618,Bertha,Lee,bleeh5@state.tx.us,Female,Dabvine,Afrikaans,33-6520695,Ms,2015/2/15,,,
619,Izaak,Pargent,ipargenth6@cbslocal.com,Female,Demivee,Georgian,55-8689947,Dr,2015/2/15,,,
620,Susana,Craddock,scraddockh7@tinypic.com,Polygender,Aimbu,Arabic,59-8269575,Dr,2015/2/15,,,
621,Ced,Leachman,cleachmanh8@samsung.com,Genderfluid,Digitube,Fijian,06-0795772,Mr,2015/2/15,,,
622,Alleyn,Laurence,alaurenceh9@behance.net,Genderqueer,Blogpad,French,94-3032519,Dr,2015/2/15,,,
623,Cathryn,Seiler,cseilerha@apache.org,Genderqueer,Quinu,Swedish,86-3097117,Dr,2015/2/15,,,
624,Cordie,Sterley,csterleyhb@posterous.com,Genderqueer,Fanoodle,Swedish,53-2307611,Dr,2015/2/15,,,
625,Terrance,Patchett,tpatchetthc@dailymotion.com,Agender,Fivespan,French,95-1411163,Dr,2015/2/15,,,
626,Gina,Ayers,gayershd@nhs.uk,Bigender,Youfeed,Kyrgyz,75-2755196,Mrs,2015/2/15,,,
627,Jesse,Joddens,jjoddenshe@rakuten.co.jp,Bigender,Bluezoom,Estonian,80-7270901,Dr,2015/2/15,,,
628,Nicki,Whitworth,nwhitworthhf@technorati.com,Polygender,Katz,Montenegrin,64-1233313,Mrs,2015/2/15,,,
629,Fran,Treffrey,ftreffreyhg@sfgate.com,Male,Voonix,Bislama,33-3561845,Ms,2015/2/15,,,
630,Maudie,Agney,magneyhh@posterous.com,Agender,Kwideo,Thai,76-9637826,Mrs,2015/2/15,,,
631,Janek,Sprade,jspradehi@dedecms.com,Agender,Quinu,Luxembourgish,51-9272491,Mr,2015/2/15,,,
632,Ursa,Baselli,ubasellihj@ehow.com,Male,Snaptags,Moldovan,71-0644523,Ms,2015/2/15,,,
633,Nevin,Chippindall,nchippindallhk@squarespace.com,Agender,Wordware,Haitian Creole,74-0671303,Dr,2015/2/15,,,
634,Gareth,Hunting,ghuntinghl@pbs.org,Male,Yakitri,Bulgarian,63-6714030,Mr,2015/2/15,,,
635,Peirce,Antonias,pantoniashm@apple.com,Genderfluid,Centizu,Arabic,04-3219986,Mr,2015/2/15,,,
636,Melanie,Birkinshaw,mbirkinshawhn@storify.com,Polygender,Devify,Hiri Motu,35-6156824,Dr,2015/2/15,,,
637,Tommy,Eakin,teakinho@amazon.com,Agender,Rhynoodle,Tswana,90-9492335,Dr,2015/2/15,,,
638,Boyd,Mortlock,bmortlockhp@etsy.com,Polygender,Thoughtstorm,Telugu,85-3239894,Dr,2015/2/15,,,
639,Gena,Menis,gmenishq@toplist.cz,Non-binary,Meejo,Swedish,69-9131355,Ms,2015/2/15,,,
640,Wald,Pingston,wpingstonhr@wunderground.com,Agender,Quinu,Spanish,55-2884007,Mr,2015/2/15,,,
641,Kenny,Tertre,ktertrehs@whitehouse.gov,Genderqueer,Meeveo,Zulu,72-7055742,Dr,2015/2/15,,,
642,Kiri,Iannitti,kiannittiht@exblog.jp,Polygender,Zava,Dari,57-5885866,Mrs,2015/2/15,,,
643,Cynde,Shrive,cshrivehu@accuweather.com,Polygender,Devpoint,Tajik,73-8358287,Mr,2015/2/15,,,
644,Vivien,Domengue,vdomenguehv@sbwire.com,Female,Yadel,Kazakh,85-9140483,Dr,2015/2/15,,,
645,Randall,Backs,rbackshw@accuweather.com,Genderfluid,Topicblab,Pashto,63-3464065,Mrs,2015/2/15,,,
646,Terza,Drinkhill,tdrinkhillhx@qq.com,Agender,Eare,German,43-8330894,Mr,2015/2/15,,,
647,Roby,Bulgen,rbulgenhy@slideshare.net,Genderfluid,Skalith,Oriya,78-7532728,Ms,2015/2/15,,,
648,Cate,Pea,cpeahz@state.gov,Polygender,Oyondu,Tetum,14-6935442,Mr,2015/2/15,,,
649,Eden,McKissack,emckissacki0@springer.com,Agender,Ozu,Icelandic,38-5133560,Dr,2015/2/15,,,
650,Alberto,Cossum,acossumi1@bbc.co.uk,Bigender,Tagopia,German,47-7481034,Mr,2015/2/15,,,
651,Ingelbert,Chilles,ichillesi2@ovh.net,Female,Rhynoodle,Dutch,16-9069769,Dr,2015/2/15,,,
652,Maynard,Antwis,mantwisi3@walmart.com,Polygender,Kimia,French,54-9301736,Dr,2015/2/15,,,
653,Angelina,Blumsom,ablumsomi4@netlog.com,Bigender,Buzzdog,Marathi,99-4579930,Dr,2015/2/15,,,
654,Henrik,Parmiter,hparmiteri5@skyrock.com,Male,Skyba,Georgian,64-9662515,Ms,2015/2/15,,,
655,Oliver,Short,oshorti6@mysql.com,Agender,Pixoboo,Lithuanian,28-3168983,Mr,2015/2/15,,,
656,Bruce,Portal,bportali7@craigslist.org,Genderfluid,Meetz,Spanish,99-5392983,Mr,2015/2/15,,,
657,Teddie,Langston,tlangstoni8@umn.edu,Bigender,Skyvu,Georgian,81-1047588,Mrs,2015/2/15,,,
658,Quillan,Reyner,qreyneri9@omniture.com,Male,Yakijo,Haitian Creole,25-0332075,Ms,2015/2/15,,,
659,Jarid,Batchelar,jbatchelaria@plala.or.jp,Polygender,Skiptube,Maltese,96-7806121,Mrs,2015/2/15,,,
660,Ted,Attree,tattreeib@nps.gov,Female,Linkbridge,Lao,43-0882331,Dr,2015/2/15,,,
661,Robert,Pawling,rpawlingic@ox.ac.uk,Genderqueer,Aivee,Pashto,50-9582558,Dr,2015/2/15,,,
662,Patrice,Castanho,pcastanhoid@squarespace.com,Non-binary,Feedspan,Croatian,20-1780925,Dr,2015/2/15,,,
663,Tadeas,Camamill,tcamamillie@mediafire.com,Bigender,Cogidoo,Norwegian,63-3838348,Dr,2015/2/15,,,
664,Ware,Wones,wwonesif@google.pl,Polygender,Thoughtblab,Maltese,52-3420345,Mrs,2015/2/15,,,
665,Linnet,Casolla,lcasollaig@nydailynews.com,Polygender,Photospace,Moldovan,27-8125317,Dr,2015/2/15,,,
666,Dorena,Jouanet,djouanetih@foxnews.com,Agender,Brainverse,Zulu,63-0154207,Dr,2015/2/15,,,
667,Meggie,Oldroyd,moldroydii@gnu.org,Agender,Buzzdog,Albanian,43-6353423,Dr,2015/2/15,,,
668,Lola,Franciskiewicz,lfranciskiewiczij@taobao.com,Male,Gabtune,Lao,61-4722387,Dr,2015/2/15,,,
669,Matti,Peschke,mpeschkeik@csmonitor.com,Polygender,Photospace,Ndebele,37-5041998,Dr,2015/2/15,,,
670,Caye,Leehane,cleehaneil@census.gov,Polygender,Eimbee,Amharic,69-6971742,Ms,2015/2/15,,,
671,Ingaberg,Bilbey,ibilbeyim@clickbank.net,Genderfluid,Twitterlist,Danish,83-6771950,Dr,2015/2/15,,,
672,Hal,Fortye,hfortyein@sina.com.cn,Male,Twitterlist,Dhivehi,33-2625888,Dr,2015/2/15,,,
673,Doro,Sutehall,dsutehallio@sitemeter.com,Female,Zoovu,Danish,40-3211818,Ms,2015/2/15,,,
674,Urbanus,Dearn,udearnip@nydailynews.com,Genderfluid,Browsebug,Kyrgyz,09-8470578,Dr,2015/2/15,,,
675,Penrod,Jeduch,pjeduchiq@blogtalkradio.com,Genderqueer,Yadel,German,15-2305872,Mrs,2015/2/15,,,
676,Carmelita,Tugwell,ctugwellir@wordpress.org,Female,Photobug,Gagauz,73-8763123,Dr,2015/2/15,,,
677,Ambrosius,Slocombe,aslocombeis@wikispaces.com,Female,Riffpath,Luxembourgish,00-4234283,Ms,2015/2/15,,,
678,Ricoriki,Marrable,rmarrableit@weebly.com,Non-binary,Plajo,Tamil,81-2468179,Dr,2015/2/15,,,
679,Pru,Wenden,pwendeniu@ftc.gov,Male,Quinu,Filipino,02-4867376,Mrs,2015/2/15,,,
680,Shirlee,Swannell,sswannelliv@macromedia.com,Non-binary,Buzzshare,Tok Pisin,76-1246094,Mr,2015/2/15,,,
681,Carolyn,Adaway,cadawayiw@weather.com,Non-binary,Youtags,Finnish,57-5004228,Dr,2015/2/15,,,
682,Jorry,Fullard,jfullardix@washington.edu,Genderqueer,Abata,Swati,99-3252054,Dr,2015/2/15,,,
683,Queenie,Sooley,qsooleyiy@people.com.cn,Genderqueer,Dynabox,Hiri Motu,86-9528750,Mrs,2015/2/15,,,
684,Reamonn,Bernaldez,rbernaldeziz@yolasite.com,Non-binary,Eire,Bengali,12-0632422,Mrs,2015/2/15,,,
685,Tamar,Loads,tloadsj0@rambler.ru,Male,Voonder,Tsonga,78-0666566,Mr,2015/2/15,,,
686,Anissa,Glendining,aglendiningj1@paginegialle.it,Polygender,Cogilith,Montenegrin,25-1465021,Ms,2015/2/15,,,
687,Pru,Fausch,pfauschj2@usda.gov,Genderqueer,Vimbo,Indonesian,73-3160980,Mr,2015/2/15,,,
688,Allyn,Sex,asexj3@themeforest.net,Polygender,Wikivu,Croatian,21-1936181,Mr,2015/2/15,,,
689,Melva,Flade,mfladej4@squarespace.com,Male,Devpulse,Belarusian,12-1531143,Dr,2015/2/15,,,
690,Natividad,Fasler,nfaslerj5@yellowbook.com,Genderqueer,Meevee,Khmer,73-6170389,Mrs,2015/2/15,,,
691,Miguelita,Dye,mdyej6@shop-pro.jp,Female,LiveZ,Croatian,80-8300377,Mrs,2015/2/15,,,
692,Sonnnie,Adriani,sadrianij7@irs.gov,Non-binary,Dabjam,Bosnian,61-7127876,Mrs,2015/2/15,,,
693,Farand,Shippey,fshippeyj8@sitemeter.com,Male,Photobug,Croatian,06-7992479,Dr,2015/2/15,,,
694,Maegan,Coleridge,mcoleridgej9@e-recht24.de,Male,Pixonyx,Moldovan,38-8767571,Ms,2015/2/15,,,
695,Van,Gabbitas,vgabbitasja@mac.com,Male,Rooxo,Danish,82-4726713,Mr,2015/2/15,,,
696,Eugine,Foyston,efoystonjb@mtv.com,Bigender,Photospace,Dhivehi,85-6301513,Mrs,2015/2/15,,,
697,Silvanus,Maffetti,smaffettijc@earthlink.net,Female,Divavu,Hebrew,69-2882312,Ms,2015/2/15,,,
698,Ulick,Aird,uairdjd@creativecommons.org,Genderqueer,Yakitri,Polish,90-6708612,Mr,2015/2/15,,,
699,Rey,Lanchbury,rlanchburyje@webs.com,Genderqueer,Pixoboo,Tajik,38-2745842,Mr,2015/2/15,,,
700,Deborah,Stuffins,dstuffinsjf@nba.com,Female,Agivu,Luxembourgish,80-8526380,Ms,2015/2/15,,,
701,Wendie,Weed,wweedjg@google.co.jp,Male,Yata,Bislama,05-4668973,Dr,2015/2/15,,,
702,Merline,Paulat,mpaulatjh@mail.ru,Male,Leenti,Czech,46-6516038,Dr,2015/2/15,,,
703,Gwendolin,Shiril,gshirilji@opensource.org,Male,Zoomdog,Gujarati,55-9561151,Dr,2015/2/15,,,
704,Tommy,Sabathe,tsabathejj@paginegialle.it,Non-binary,Oyoloo,Chinese,70-1001828,Dr,2015/2/15,,,
705,Grady,Gilchriest,ggilchriestjk@rediff.com,Genderfluid,Linktype,Lithuanian,40-0408207,Dr,2015/2/15,,,
706,Daniele,Struther,dstrutherjl@w3.org,Bigender,Babbleblab,Yiddish,85-3043005,Dr,2015/2/15,,,
707,Early,D'orsay,edorsayjm@moonfruit.com,Female,Skyble,New Zealand Sign Language,32-9045905,Dr,2015/2/15,,,
708,Mickie,Esherwood,mesherwoodjn@yahoo.co.jp,Male,Quatz,Northern Sotho,55-9170079,Dr,2015/2/15,,,
709,Camella,Messom,cmessomjo@i2i.jp,Non-binary,Photolist,Khmer,04-9804714,Mr,2015/2/15,,,
710,Morna,Dannatt,mdannattjp@123-reg.co.uk,Agender,Skyndu,Marathi,96-7265487,Dr,2015/2/15,,,
711,Maryanne,Igonet,migonetjq@histats.com,Agender,Blognation,Japanese,36-1129502,Mrs,2015/2/15,,,
712,Ase,de Clerk,adeclerkjr@comcast.net,Agender,Jatri,Catalan,79-1833209,Mrs,2015/2/15,,,
713,Kim,Mussolini,kmussolinijs@wisc.edu,Male,Vinte,Telugu,95-3916309,Dr,2015/2/15,,,
714,Brendan,Itter,bitterjt@eepurl.com,Genderfluid,Meejo,Spanish,38-3280637,Dr,2015/2/15,,,
715,Cyndy,Abels,cabelsju@storify.com,Genderqueer,Bubbletube,New Zealand Sign Language,51-2355603,Dr,2015/2/15,,,
716,Kele,Berresford,kberresfordjv@abc.net.au,Genderqueer,Jayo,Polish,31-7594379,Dr,2015/2/15,,,
717,Dian,Marsh,dmarshjw@furl.net,Genderqueer,Gabspot,Hindi,23-6641050,Mr,2015/2/15,,,
718,Dannie,Bloore,dbloorejx@unesco.org,Bigender,Brainbox,Croatian,54-4300506,Mr,2015/2/15,,,
719,Blancha,Gorbell,bgorbelljy@archive.org,Agender,Dazzlesphere,Mongolian,70-6906228,Mr,2015/2/15,,,
720,Emogene,Garbutt,egarbuttjz@sourceforge.net,Genderfluid,Twinte,Papiamento,17-7790102,Ms,2015/2/15,,,
721,Ronna,Van Son,rvansonk0@washingtonpost.com,Agender,Avaveo,Irish Gaelic,96-7344484,Dr,2015/2/15,,,
722,Ronda,Blaver,rblaverk1@spotify.com,Male,Innotype,French,23-1634217,Dr,2015/2/15,,,
723,Curry,Graysmark,cgraysmarkk2@yolasite.com,Genderqueer,Buzzster,Bulgarian,91-4702680,Mr,2015/2/15,,,
724,Thaddeus,Search,tsearchk3@ask.com,Male,Yabox,West Frisian,78-9734554,Mrs,2015/2/15,,,
725,Layla,Boggers,lboggersk4@google.com.hk,Female,Devify,Tajik,20-6123479,Mr,2015/2/15,,,
726,Idell,Ray,irayk5@gmpg.org,Polygender,Eabox,Hindi,38-7618855,Dr,2015/2/15,,,
727,Georgie,MacNulty,gmacnultyk6@etsy.com,Male,Tekfly,Georgian,11-0679262,Mr,2015/2/15,,,
728,Bel,Smallthwaite,bsmallthwaitek7@ebay.com,Agender,Einti,Aymara,79-8551585,Dr,2015/2/15,,,
729,Matilde,Demogeot,mdemogeotk8@nih.gov,Male,Edgetag,Greek,91-8173484,Dr,2015/2/15,,,
730,Goldia,Le Conte,glecontek9@nymag.com,Genderqueer,Tavu,Thai,58-6162847,Dr,2015/2/15,,,
731,Carlee,Edgeley,cedgeleyka@yellowbook.com,Genderfluid,Gabtune,Icelandic,14-6817125,Dr,2015/2/15,,,
732,Ashla,Bohlmann,abohlmannkb@hp.com,Agender,Dynazzy,Moldovan,48-5512200,Dr,2015/2/15,,,
733,Vivia,Thexton,vthextonkc@netvibes.com,Genderfluid,Vimbo,Hindi,53-4366961,Dr,2015/2/15,,,
734,Lethia,Pollington,lpollingtonkd@theguardian.com,Bigender,Oyoyo,Portuguese,03-4582536,Mrs,2015/2/15,,,
735,Dorrie,Thorington,dthoringtonke@lycos.com,Female,Thoughtblab,Malagasy,80-6747094,Dr,2015/2/15,,,
736,Gilda,Gull,ggullkf@infoseek.co.jp,Genderqueer,Rhybox,Fijian,47-1378523,Ms,2015/2/15,,,
737,Lily,Tooley,ltooleykg@i2i.jp,Female,Gigashots,Italian,37-5186519,Dr,2015/2/15,,,
738,Emmit,Jerke,ejerkekh@google.com.hk,Female,Yabox,Arabic,18-1977335,Dr,2015/2/15,,,
739,Clemmy,Perone,cperoneki@last.fm,Female,Quatz,Chinese,78-6127884,Dr,2015/2/15,,,
740,Ursulina,Goad,ugoadkj@wordpress.com,Bigender,Browsebug,Latvian,62-1845475,Mrs,2015/2/15,,,
741,Marillin,Summerson,msummersonkk@youtube.com,Genderfluid,Divape,Latvian,40-6980400,Mr,2015/2/15,,,
742,Luciana,Manuelli,lmanuellikl@twitpic.com,Female,Jaxworks,Moldovan,29-3739716,Dr,2015/2/15,,,
743,Farrel,Mertgen,fmertgenkm@google.es,Polygender,Browsezoom,Gagauz,84-4360408,Dr,2015/2/15,,,
744,Davon,Roux,drouxkn@usa.gov,Polygender,Camido,Czech,97-3702692,Ms,2015/2/15,,,
745,Redd,Balazot,rbalazotko@squarespace.com,Female,Eayo,Georgian,84-1876174,Dr,2015/2/15,,,
746,Lavinie,Samter,lsamterkp@nih.gov,Genderfluid,Mita,Croatian,13-0561594,Ms,2015/2/15,,,
747,Sybyl,Savaage,ssavaagekq@mozilla.org,Genderqueer,Jaloo,Czech,86-9956795,Dr,2015/2/15,,,
748,Alphonse,Waterstone,awaterstonekr@newsvine.com,Polygender,Skipstorm,Romanian,61-2336867,Dr,2015/2/15,,,
749,Maurizio,Gillaspy,mgillaspyks@businessweek.com,Female,Devcast,Swedish,09-5995228,Dr,2015/2/15,,,
750,Rosalyn,Matteini,rmatteinikt@nydailynews.com,Female,Meembee,Telugu,40-4779116,Dr,2015/2/15,,,
751,Dorian,O' Hanvey,dohanveyku@shop-pro.jp,Polygender,Chatterpoint,Icelandic,23-5456405,Ms,2015/2/15,,,
752,Zaneta,Zack,zzackkv@independent.co.uk,Non-binary,Dynazzy,Filipino,37-8348596,Dr,2015/2/15,,,
753,Dionisio,Hriinchenko,dhriinchenkokw@cafepress.com,Female,Myworks,Bengali,81-7981956,Mrs,2015/2/15,,,
754,Andra,Brunke,abrunkekx@google.nl,Agender,Innojam,Bengali,09-5346254,Mrs,2015/2/15,,,
755,Candy,Le Barr,clebarrky@wikia.com,Genderqueer,Twiyo,Albanian,57-8321437,Dr,2015/2/15,,,
756,Edmund,Cliff,ecliffkz@opera.com,Female,Skimia,Dari,86-2367914,Dr,2015/2/15,,,
757,Johny,Galton,jgaltonl0@so-net.ne.jp,Genderfluid,Viva,Malagasy,20-4028752,Ms,2015/2/15,,,
758,Pablo,Glossop,pglossopl1@github.io,Polygender,Layo,Kyrgyz,84-0645755,Ms,2015/2/15,,,
759,Eliza,Haggus,ehaggusl2@mit.edu,Non-binary,Skajo,Māori,15-6598861,Dr,2015/2/15,,,
760,Tory,Burner,tburnerl3@amazonaws.com,Female,Edgepulse,Azeri,73-8952508,Mr,2015/2/15,,,
761,Harrietta,Forder,hforderl4@kickstarter.com,Non-binary,Tagtune,Georgian,51-1624066,Dr,2015/2/15,,,
762,Holden,Mylan,hmylanl5@mit.edu,Agender,LiveZ,Swahili,31-2207208,Mrs,2015/2/15,,,
763,Danna,Calrow,dcalrowl6@google.pl,Non-binary,Blognation,Macedonian,96-0662695,Dr,2015/2/15,,,
764,Rodie,Burl,rburll7@china.com.cn,Agender,Kwimbee,Greek,64-7710294,Dr,2015/2/15,,,
765,Gonzales,Lansley,glansleyl8@ask.com,Female,Topicblab,Northern Sotho,74-9045911,Ms,2015/2/15,,,
766,Prescott,Folland,pfollandl9@behance.net,Bigender,Quatz,Albanian,39-8106095,Dr,2015/2/15,,,
767,Imogene,Birnie,ibirniela@umn.edu,Bigender,Topicshots,Icelandic,64-9158847,Mr,2015/2/15,,,
768,Crichton,Elsbury,celsburylb@epa.gov,Male,Avaveo,Macedonian,12-7492759,Ms,2015/2/15,,,
769,Katerine,Stiell,kstielllc@craigslist.org,Male,Mymm,Gagauz,67-8709142,Dr,2015/2/15,,,
770,Ainslie,Jefford,ajeffordld@etsy.com,Non-binary,Fliptune,Amharic,83-7132150,Dr,2015/2/15,,,
771,Cicily,Paolicchi,cpaolicchile@yelp.com,Polygender,Tekfly,Chinese,24-2841989,Mr,2015/2/15,,,
772,Marianne,Overpool,moverpoollf@cnet.com,Genderqueer,Youspan,German,02-4451642,Dr,2015/2/15,,,
773,Harlin,Proudley,hproudleylg@slideshare.net,Polygender,Topicstorm,Belarusian,21-3692188,Mrs,2015/2/15,,,
774,Stern,St. Queintain,sstqueintainlh@nymag.com,Non-binary,Zoozzy,Telugu,06-3988373,Mr,2015/2/15,,,
775,Meta,Ruvel,mruvelli@ifeng.com,Genderqueer,Yombu,Spanish,86-5731481,Dr,2015/2/15,,,
776,Latrena,Plaster,lplasterlj@github.com,Polygender,Devpoint,Bulgarian,90-4915948,Dr,2015/2/15,,,
777,Davon,Parkey,dparkeylk@list-manage.com,Polygender,Vitz,Greek,16-4289221,Dr,2015/2/15,,,
778,Zak,Birrel,zbirrelll@ifeng.com,Agender,Midel,Moldovan,33-1770552,Ms,2015/2/15,,,
779,Anselm,Cotterrill,acotterrilllm@alexa.com,Female,Jaxnation,Hebrew,13-3890173,Dr,2015/2/15,,,
780,Paulette,Gallen,pgallenln@nyu.edu,Female,Trudoo,Latvian,99-7521432,Ms,2015/2/15,,,
781,Bo,McCrackem,bmccrackemlo@godaddy.com,Male,Topicblab,Macedonian,41-7530519,Ms,2015/2/15,,,
782,Westbrook,Dockrill,wdockrilllp@chron.com,Polygender,Podcat,Croatian,88-9533856,Mr,2015/2/15,,,
783,Biddy,Elkin,belkinlq@oracle.com,Genderqueer,Skinix,Lao,88-1240629,Dr,2015/2/15,,,
784,Vivian,Litzmann,vlitzmannlr@ovh.net,Genderfluid,Edgeify,Northern Sotho,70-6561687,Mr,2015/2/15,,,
785,Sly,Lars,slarsls@furl.net,Male,Eazzy,Quechua,24-5809260,Ms,2015/2/15,,,
786,Elysee,Manzell,emanzelllt@cmu.edu,Genderqueer,Kare,Malagasy,08-3784300,Dr,2015/2/15,,,
787,Arlyn,Brayn,abraynlu@dion.ne.jp,Genderfluid,Photobug,Croatian,73-5227554,Mr,2015/2/15,,,
788,Franciska,Lages,flageslv@feedburner.com,Male,Fanoodle,Catalan,34-4293528,Mrs,2015/2/15,,,
789,Rayna,Boow,rboowlw@macromedia.com,Bigender,Meembee,German,39-3586706,Mrs,2015/2/15,,,
790,Kissee,Seacroft,kseacroftlx@sogou.com,Non-binary,Buzzbean,Ndebele,95-6081995,Dr,2015/2/15,,,
791,Cecelia,Brightwell,cbrightwellly@nsw.gov.au,Genderqueer,Abata,Luxembourgish,45-4134405,Dr,2015/2/15,,,
792,Spike,Rubinchik,srubinchiklz@usa.gov,Polygender,Ailane,Arabic,24-2550134,Mrs,2015/2/15,,,
793,Pip,Edeler,pedelerm0@google.ca,Female,Aibox,Kyrgyz,06-0160028,Ms,2015/2/15,,,
794,Franklin,Quested,fquestedm1@meetup.com,Genderqueer,Innojam,Marathi,80-0192654,Mr,2015/2/15,,,
795,Giusto,Sivyour,gsivyourm2@pagesperso-orange.fr,Bigender,Trudeo,Mongolian,91-8129000,Mrs,2015/2/15,,,
796,Kassey,Schuster,kschusterm3@ycombinator.com,Female,Yadel,Māori,27-0761286,Ms,2015/2/15,,,
797,Ruttger,Esch,reschm4@cnet.com,Non-binary,Bubblebox,Chinese,61-1420718,Dr,2015/2/15,,,
798,Sunshine,Rashleigh,srashleighm5@freewebs.com,Bigender,Fivespan,Dari,84-8908748,Mr,2015/2/15,,,
799,Hayley,Uren,hurenm6@weather.com,Bigender,Buzzshare,Khmer,48-9748736,Ms,2015/2/15,,,
800,Yank,Steels,ysteelsm7@bbc.co.uk,Non-binary,Oyondu,Hiri Motu,27-1609754,Mr,2015/2/15,,,
801,Suzy,Tregido,stregidom8@blogs.com,Male,Trudoo,Macedonian,19-6351301,Ms,2015/2/15,,,
802,Corilla,Basketter,cbasketterm9@google.fr,Bigender,Brainverse,Tok Pisin,72-3478055,Dr,2015/2/15,,,
803,Martin,Gude,mgudema@mail.ru,Genderfluid,Kare,Japanese,59-9770950,Mr,2015/2/15,,,
804,Mose,Comberbeach,mcomberbeachmb@yellowbook.com,Bigender,Mudo,Yiddish,71-9389740,Dr,2015/2/15,,,
805,Sherlock,Pinnington,spinningtonmc@ucoz.com,Bigender,Jabbersphere,Kazakh,70-9283077,Dr,2015/2/15,,,
806,Emogene,Gammage,egammagemd@yolasite.com,Genderfluid,Blogtag,Georgian,91-4440565,Dr,2015/2/15,,,
807,Casi,Tunniclisse,ctunniclisseme@yahoo.com,Genderfluid,Skiba,Northern Sotho,34-7116190,Dr,2015/2/15,,,
808,Danika,Stepto,dsteptomf@artisteer.com,Genderfluid,Wikivu,Kashmiri,77-9512352,Dr,2015/2/15,,,
809,Monroe,Brimmacombe,mbrimmacombemg@java.com,Genderqueer,Wordify,Malayalam,33-4135067,Mrs,2015/2/15,,,
810,Dari,Boullin,dboullinmh@usatoday.com,Male,Buzzdog,Kannada,82-2261306,Ms,2015/2/15,,,
811,Clem,Gerwood,cgerwoodmi@pbs.org,Agender,Riffpath,Catalan,70-5430440,Mr,2015/2/15,,,
812,Mohandis,Thickins,mthickinsmj@samsung.com,Genderqueer,Vimbo,Kurdish,87-2953664,Dr,2015/2/15,,,
813,Nealson,Edelman,nedelmanmk@naver.com,Genderfluid,Jabbersphere,Amharic,67-2942108,Dr,2015/2/15,,,
814,Oralee,Louis,olouisml@shinystat.com,Polygender,Gigashots,Aymara,87-4665942,Dr,2015/2/15,,,
815,Mary,Cicetti,mcicettimm@tamu.edu,Non-binary,Kwideo,Somali,10-7874558,Ms,2015/2/15,,,
816,Raoul,Screeton,rscreetonmn@sbwire.com,Genderqueer,Vidoo,Albanian,07-4946889,Ms,2015/2/15,,,
817,Nil,Heliet,nhelietmo@cdc.gov,Male,Skyndu,Hiri Motu,98-1624360,Mr,2015/2/15,,,
818,Inesita,Yetman,iyetmanmp@gnu.org,Genderqueer,Blogspan,Marathi,62-4548538,Dr,2015/2/15,,,
819,Wenona,Oulet,wouletmq@sakura.ne.jp,Bigender,Eidel,Armenian,09-1465259,Dr,2015/2/15,,,
820,Jayson,Bacchus,jbacchusmr@zdnet.com,Bigender,Roombo,Māori,53-9362252,Dr,2015/2/15,,,
821,Olivero,Shellshear,oshellshearms@mayoclinic.com,Non-binary,Aivee,Lithuanian,32-3106098,Dr,2015/2/15,,,
822,Aridatha,Doeg,adoegmt@wikispaces.com,Non-binary,Skinte,Tsonga,40-0762446,Dr,2015/2/15,,,
823,Genevra,Joyes,gjoyesmu@cnbc.com,Genderqueer,Wikizz,Hiri Motu,05-5880443,Dr,2015/2/15,,,
824,Rianon,MacDermand,rmacdermandmv@google.ca,Bigender,Skynoodle,West Frisian,48-3414703,Dr,2015/2/15,,,
825,Nissa,Matt,nmattmw@virginia.edu,Agender,Chatterpoint,West Frisian,26-7221305,Mr,2015/2/15,,,
826,Stevy,Yanshin,syanshinmx@ucoz.ru,Female,Kazu,Tamil,95-7811537,Dr,2015/2/15,,,
827,Ardys,Robley,arobleymy@tmall.com,Non-binary,Kare,Dzongkha,48-4455469,Ms,2015/2/15,,,
828,Georgy,Stonner,gstonnermz@php.net,Agender,Twitterworks,French,61-9899354,Dr,2015/2/15,,,
829,Margarette,Foot,mfootn0@cbsnews.com,Agender,Youopia,Telugu,67-3648087,Mrs,2015/2/15,,,
830,Jacklin,Skouling,jskoulingn1@themeforest.net,Polygender,Buzzbean,Armenian,68-1357511,Mr,2015/2/15,,,
831,Janela,Millier,jmilliern2@google.ru,Bigender,Skippad,Azeri,05-1950240,Mr,2015/2/15,,,
832,Bride,Howsego,bhowsegon3@redcross.org,Bigender,Meedoo,Italian,38-1039743,Dr,2015/2/15,,,
833,Stormie,Emmanuele,semmanuelen4@rakuten.co.jp,Agender,Yoveo,Italian,31-3632910,Dr,2015/2/15,,,
834,Thibaud,Smedmore,tsmedmoren5@last.fm,Genderfluid,Yabox,Maltese,51-8259981,Dr,2015/2/15,,,
835,Kassey,Bellinger,kbellingern6@google.com.br,Agender,Avamm,Northern Sotho,01-3998849,Dr,2015/2/15,,,
836,Barrie,McArt,bmcartn7@mtv.com,Agender,Fivebridge,Icelandic,15-1375375,Mr,2015/2/15,,,
837,Prisca,Chatt,pchattn8@google.com.br,Genderfluid,Fivespan,Zulu,69-8002898,Dr,2015/2/15,,,
838,Cybill,Hensmans,chensmansn9@tmall.com,Genderfluid,Skyndu,Tamil,41-0039099,Ms,2015/2/15,,,
839,Ken,Patty,kpattyna@patch.com,Bigender,Abata,Hebrew,09-7110833,Mrs,2015/2/15,,,
840,Kaitlin,Kingsman,kkingsmannb@feedburner.com,Male,Oyope,Swahili,81-9294036,Mrs,2015/2/15,,,
841,Powell,Bygraves,pbygravesnc@un.org,Genderfluid,Flipopia,Tetum,10-8677214,Dr,2015/2/15,,,
842,Henderson,Hawkins,hhawkinsnd@microsoft.com,Agender,Quimba,Tsonga,33-6687032,Dr,2015/2/15,,,
843,Curr,Skone,cskonene@lycos.com,Agender,Viva,Nepali,27-8806485,Dr,2015/2/15,,,
844,Alex,Whild,awhildnf@illinois.edu,Genderqueer,Realbuzz,Dzongkha,20-4222230,Ms,2015/2/15,,,
845,Terza,Reye,treyeng@sciencedirect.com,Agender,Thoughtmix,Thai,18-6054983,Mr,2015/2/15,,,
846,Loni,Rawlyns,lrawlynsnh@wiley.com,Bigender,Jayo,Lao,75-1995610,Mr,2015/2/15,,,
847,Janith,Eccott,jeccottni@51.la,Bigender,Twimbo,Thai,70-4798484,Dr,2015/2/15,,,
848,Donetta,Drewry,ddrewrynj@1und1.de,Agender,Minyx,Malayalam,94-9882447,Ms,2015/2/15,,,
849,Brynn,Pesik,bpesiknk@google.co.jp,Polygender,Realmix,Kurdish,62-2073535,Ms,2015/2/15,,,
850,Sarajane,Tremellan,stremellannl@furl.net,Agender,Dabtype,Luxembourgish,39-1980986,Dr,2015/2/15,,,
851,Brandi,Gherardelli,bgherardellinm@npr.org,Male,Leenti,Croatian,04-2728933,Dr,2015/2/15,,,
852,Sterne,Parnby,sparnbynn@comcast.net,Non-binary,Cogidoo,English,85-3167707,Ms,2015/2/15,,,
853,Pietro,Cambden,pcambdenno@4shared.com,Genderfluid,Voonte,Bulgarian,27-9116800,Dr,2015/2/15,,,
854,Masha,Birtonshaw,mbirtonshawnp@bizjournals.com,Genderqueer,Yozio,Macedonian,77-0592444,Dr,2015/2/15,,,
855,Caril,Kinson,ckinsonnq@moonfruit.com,Bigender,Twitterwire,Assamese,41-5625654,Ms,2015/2/15,,,
856,Carolee,Sarjeant,csarjeantnr@linkedin.com,Non-binary,Ainyx,Mongolian,24-9324244,Mr,2015/2/15,,,
857,Earlie,Pitkin,epitkinns@gizmodo.com,Bigender,Cogibox,Guaraní,98-8632205,Mrs,2015/2/15,,,
858,Lindon,Farrier,lfarriernt@cam.ac.uk,Male,Pixope,Marathi,62-0178519,Dr,2015/2/15,,,
859,Akim,Bredes,abredesnu@hexun.com,Agender,Devify,Fijian,51-2678111,Mr,2015/2/15,,,
860,Shawnee,Dashper,sdashpernv@hostgator.com,Female,Ntags,Malay,95-8149268,Ms,2015/2/15,,,
861,Judon,Liddyard,jliddyardnw@artisteer.com,Polygender,Plajo,Papiamento,56-7470559,Dr,2015/2/15,,,
862,Ebba,Joskovitch,ejoskovitchnx@infoseek.co.jp,Genderqueer,Pixonyx,Bengali,82-3879812,Mrs,2015/2/15,,,
863,Nicolea,Loughren,nloughrenny@slate.com,Male,Chatterpoint,Nepali,10-8650138,Mr,2015/2/15,,,
864,Trent,Yeudall,tyeudallnz@wikispaces.com,Non-binary,Jabbersphere,Tsonga,26-5223650,Mr,2015/2/15,,,
865,Carmen,Peacock,cpeacocko0@rediff.com,Polygender,Gigashots,Gujarati,20-1968502,Mr,2015/2/15,,,
866,Obidiah,Kilalea,okilaleao1@vimeo.com,Male,Yodel,Bosnian,22-5088512,Mr,2015/2/15,,,
867,Theresa,Magne,tmagneo2@nba.com,Agender,Thoughtmix,Latvian,89-5160184,Mrs,2015/2/15,,,
868,Jo ann,Northleigh,jnorthleigho3@wikispaces.com,Genderfluid,BlogXS,Latvian,61-0162512,Dr,2015/2/15,,,
869,Karola,Clemens,kclemenso4@wiley.com,Agender,Realcube,Telugu,84-1708722,Dr,2015/2/15,,,
870,Dmitri,Milvarnie,dmilvarnieo5@photobucket.com,Female,Wikizz,Swedish,40-2927323,Mrs,2015/2/15,,,
871,Vivyan,Crayden,vcraydeno6@symantec.com,Agender,Realpoint,Oriya,82-9416605,Mrs,2015/2/15,,,
872,Byrann,Pepon,bpepono7@i2i.jp,Genderqueer,Voomm,West Frisian,67-9691702,Dr,2015/2/15,,,
873,Dannie,Kerans,dkeranso8@trellian.com,Male,Gabspot,Nepali,57-0870590,Dr,2015/2/15,,,
874,Deloris,Sealey,dsealeyo9@technorati.com,Polygender,Realpoint,Malagasy,22-0769082,Mrs,2015/2/15,,,
875,Eunice,Tomes,etomesoa@cbsnews.com,Polygender,Agivu,Tajik,58-8876022,Dr,2015/2/15,,,
876,Finley,Vasyukov,fvasyukovob@businessinsider.com,Female,Wikivu,Afrikaans,54-1262960,Dr,2015/2/15,,,
877,Alexandros,Clowney,aclowneyoc@pcworld.com,Male,Plajo,Arabic,84-9246755,Dr,2015/2/15,,,
878,Malanie,Showt,mshowtod@reference.com,Agender,Twimbo,Dutch,63-4508996,Mr,2015/2/15,,,
879,Noach,Othick,nothickoe@ucla.edu,Male,Eare,Afrikaans,02-0202965,Dr,2015/2/15,,,
880,Matthaeus,Downham,mdownhamof@sohu.com,Genderfluid,Camimbo,Moldovan,90-7786928,Dr,2015/2/15,,,
881,Ardis,Darnody,adarnodyog@cdc.gov,Male,Plambee,Quechua,56-8006365,Mrs,2015/2/15,,,
882,Padraig,Maro,pmarooh@kickstarter.com,Polygender,Devcast,Marathi,34-5397012,Dr,2015/2/15,,,
883,Fae,Halfhyde,fhalfhydeoi@cocolog-nifty.com,Non-binary,Jaxspan,Hungarian,53-7113976,Dr,2015/2/15,,,
884,Ingaborg,Bachellier,ibachellieroj@columbia.edu,Non-binary,Kazio,Azeri,66-8802422,Mr,2015/2/15,,,
885,Efren,Macconaghy,emacconaghyok@amazon.co.uk,Agender,Realbridge,Tetum,92-5038266,Dr,2015/2/15,,,
886,Brigid,Camous,bcamousol@biblegateway.com,Genderqueer,Flashset,Tajik,44-6676449,Dr,2015/2/15,,,
887,Field,Hatry,fhatryom@dyndns.org,Genderfluid,Teklist,Tetum,78-4429339,Ms,2015/2/15,,,
888,Piggy,Sparrow,psparrowon@alexa.com,Agender,Kaymbo,Portuguese,10-5011264,Mr,2015/2/15,,,
889,Kirk,Trott,ktrottoo@devhub.com,Non-binary,Yakitri,Chinese,59-4096690,Mr,2015/2/15,,,
890,Tyrone,Child,tchildop@paginegialle.it,Genderqueer,Buzzshare,Estonian,52-0405827,Dr,2015/2/15,,,
891,Darleen,Mussolini,dmussolinioq@yahoo.com,Genderqueer,Avaveo,Hiri Motu,91-1610024,Dr,2015/2/15,,,
892,Merralee,Branscomb,mbranscombor@economist.com,Agender,Zoomlounge,Sotho,83-0482321,Dr,2015/2/15,,,
893,Pia,Clewlow,pclewlowos@infoseek.co.jp,Genderfluid,Topicshots,Catalan,65-6221638,Dr,2015/2/15,,,
894,Jess,Hamlyn,jhamlynot@abc.net.au,Female,Thoughtbridge,Ndebele,05-5575589,Dr,2015/2/15,,,
895,Kalle,Lacoste,klacosteou@soup.io,Bigender,Zooveo,Dutch,52-2617834,Mr,2015/2/15,,,
896,Scotty,Moylan,smoylanov@cisco.com,Agender,Meezzy,Italian,60-7446812,Mrs,2015/2/15,,,
897,Fax,Straffon,fstraffonow@arizona.edu,Genderfluid,Eare,West Frisian,46-9907507,Mrs,2015/2/15,,,
898,Quentin,Kiff,qkiffox@hud.gov,Genderfluid,Zoomzone,Fijian,78-6874368,Dr,2015/2/15,,,
899,Mollie,Tolefree,mtolefreeoy@blog.com,Agender,Pixonyx,Kyrgyz,49-7143320,Mrs,2015/2/15,,,
900,Latrena,Simmon,lsimmonoz@fastcompany.com,Agender,Rhyzio,Korean,88-7447110,Dr,2015/2/15,,,
901,Elizabeth,Artiss,eartissp0@a8.net,Male,Eidel,Dutch,59-0969713,Mrs,2015/2/15,,,
902,Elliott,Lintin,elintinp1@github.com,Male,DabZ,Tsonga,18-2784561,Dr,2015/2/15,,,
903,Adelbert,MacMenamin,amacmenaminp2@google.com.hk,Female,Meejo,English,87-7890030,Dr,2015/2/15,,,
904,Lusa,Sartain,lsartainp3@booking.com,Genderqueer,Meetz,Montenegrin,22-6906976,Dr,2015/2/15,,,
905,Ramon,Spellworth,rspellworthp4@redcross.org,Polygender,Dazzlesphere,Dutch,15-4533573,Mr,2015/2/15,,,
906,Anett,Bush,abushp5@mozilla.com,Female,Mydo,Montenegrin,72-8919618,Mrs,2015/2/15,,,
907,Eustace,Lockett,elockettp6@multiply.com,Non-binary,Buzzster,Maltese,23-2150254,Dr,2015/2/15,,,
908,Joice,Gatlin,jgatlinp7@comsenz.com,Genderqueer,Skidoo,Latvian,72-0281597,Ms,2015/2/15,,,
909,Bunnie,Luparti,blupartip8@wsj.com,Polygender,Buzzbean,German,46-8629797,Dr,2015/2/15,,,
910,Bernie,Ginnell,bginnellp9@cpanel.net,Male,Topicshots,Quechua,26-0798514,Ms,2015/2/15,,,
911,Annamarie,Whitemarsh,awhitemarshpa@pbs.org,Bigender,Zoovu,Malagasy,96-4546118,Mr,2015/2/15,,,
912,Hunter,Smitton,hsmittonpb@utexas.edu,Bigender,Flashdog,Georgian,78-3497071,Mrs,2015/2/15,,,
913,Jodie,Michallat,jmichallatpc@altervista.org,Non-binary,Rhyloo,Gujarati,82-6240205,Dr,2015/2/15,,,
914,Xavier,Wolffers,xwolfferspd@behance.net,Female,Brainsphere,Assamese,94-7793094,Mrs,2015/2/15,,,
915,Giorgi,Tremeer,gtremeerpe@istockphoto.com,Genderqueer,Blogtag,Portuguese,44-3654902,Dr,2015/2/15,,,
916,Karlan,FitzGibbon,kfitzgibbonpf@amazon.com,Agender,Tazzy,Hungarian,20-4796308,Mr,2015/2/15,,,
917,Gardener,Lodder,glodderpg@nba.com,Bigender,Photofeed,Sotho,79-2336111,Dr,2015/2/15,,,
918,Alida,Piatkow,apiatkowph@microsoft.com,Non-binary,Thoughtworks,Yiddish,45-6432200,Dr,2015/2/15,,,
919,Padraig,Kiera,pkierapi@bandcamp.com,Polygender,Flashdog,Tswana,95-0675961,Dr,2015/2/15,,,
920,Thibaud,Braund,tbraundpj@loc.gov,Genderfluid,Ntags,Georgian,05-4434690,Ms,2015/2/15,,,
921,Rolando,Melmore,rmelmorepk@google.cn,Polygender,Rhynyx,Dhivehi,53-7904508,Mrs,2015/2/15,,,
922,Helena,Wimbush,hwimbushpl@unblog.fr,Bigender,Katz,Gujarati,16-8742237,Mr,2015/2/15,,,
923,Barrett,Naisbet,bnaisbetpm@ucsd.edu,Genderqueer,Photobug,Punjabi,48-5452150,Mr,2015/2/15,,,
924,Misha,Djurisic,mdjurisicpn@illinois.edu,Non-binary,Babblestorm,Fijian,83-1855676,Dr,2015/2/15,,,
925,Beulah,Lemmon,blemmonpo@irs.gov,Genderqueer,Babblestorm,Tswana,63-2637517,Ms,2015/2/15,,,
926,Ericha,Dimsdale,edimsdalepp@vkontakte.ru,Agender,Yodoo,Greek,25-5461231,Dr,2015/2/15,,,
927,Gabbie,Shoreson,gshoresonpq@spiegel.de,Genderqueer,Rhynyx,Gagauz,85-0087309,Mrs,2015/2/15,,,
928,Alexi,Grumbridge,agrumbridgepr@samsung.com,Genderqueer,Vinte,Swahili,21-2682773,Dr,2015/2/15,,,
929,Lisa,Hammarberg,lhammarbergps@omniture.com,Non-binary,Jaxnation,Tamil,44-0867017,Dr,2015/2/15,,,
930,Reinhard,Ferrara,rferrarapt@unicef.org,Agender,Blogspan,Kazakh,30-2132126,Mr,2015/2/15,,,
931,Renell,Woolley,rwoolleypu@vinaora.com,Genderfluid,Jetwire,Bosnian,07-3406063,Dr,2015/2/15,,,
932,Wynn,Frome,wfromepv@technorati.com,Bigender,Trudoo,Moldovan,82-9147022,Mr,2015/2/15,,,
933,Aurea,McVey,amcveypw@cnn.com,Agender,Jatri,French,90-0664332,Ms,2015/2/15,,,
934,Arlana,Phillip,aphillippx@weebly.com,Male,Eayo,Northern Sotho,39-2349590,Dr,2015/2/15,,,
935,Nettle,Frazier,nfrazierpy@discovery.com,Genderqueer,Topiczoom,Greek,77-8084419,Dr,2015/2/15,,,
936,Alysa,Crossman,acrossmanpz@myspace.com,Female,Topicshots,English,02-1514603,Mr,2015/2/15,,,
937,Riane,Giacomuzzi,rgiacomuzziq0@discuz.net,Polygender,Janyx,English,70-3529406,Ms,2015/2/15,,,
938,Shaw,Primo,sprimoq1@prlog.org,Genderfluid,Omba,Quechua,51-3964133,Ms,2015/2/15,,,
939,Mel,Cranmore,mcranmoreq2@sohu.com,Male,Browsecat,Armenian,77-9434965,Dr,2015/2/15,,,
940,Selinda,Wennington,swenningtonq3@psu.edu,Non-binary,Oyoloo,Chinese,36-2542056,Dr,2015/2/15,,,
941,Erastus,Northcote,enorthcoteq4@netlog.com,Genderfluid,Voonyx,Kazakh,28-8989179,Dr,2015/2/15,,,
942,Gradey,Exeter,gexeterq5@shareasale.com,Female,Meembee,Somali,50-4380701,Dr,2015/2/15,,,
943,Sorcha,Housam,shousamq6@ibm.com,Agender,Shuffletag,Malayalam,05-4407409,Mrs,2015/2/15,,,
944,Virgil,Kuhnhardt,vkuhnhardtq7@army.mil,Genderqueer,Vipe,Hungarian,17-4861183,Ms,2015/2/15,,,
945,Chiquita,Hemmingway,chemmingwayq8@businesswire.com,Genderqueer,Topicshots,Kannada,41-9096442,Mr,2015/2/15,,,
946,Gaston,Iacapucci,giacapucciq9@edublogs.org,Female,Blogtag,Kyrgyz,68-5260515,Dr,2015/2/15,,,
947,Janot,Gemlbett,jgemlbettqa@jugem.jp,Bigender,Aimbu,Swahili,62-2769187,Ms,2015/2/15,,,
948,Harli,Simeone,hsimeoneqb@t-online.de,Genderqueer,Kimia,Swahili,42-7563225,Ms,2015/2/15,,,
949,Balduin,Bruckenthal,bbruckenthalqc@istockphoto.com,Female,Centidel,Italian,41-9364366,Mr,2015/2/15,,,
950,Roxy,Hourihane,rhourihaneqd@netvibes.com,Female,Jaxnation,New Zealand Sign Language,12-7265760,Mrs,2015/2/15,,,
951,Tiffy,Ledley,tledleyqe@163.com,Genderqueer,Livepath,Khmer,90-5954680,Dr,2015/2/15,,,
952,Cristie,Cestard,ccestardqf@hibu.com,Genderqueer,Ntags,Malagasy,88-4289721,Ms,2015/2/15,,,
953,Loraine,Aldie,laldieqg@google.co.uk,Bigender,Demimbu,Bengali,59-6419016,Dr,2015/2/15,,,
954,Jacobo,Gariff,jgariffqh@friendfeed.com,Genderqueer,Blognation,Spanish,13-7219947,Dr,2015/2/15,,,
955,Thorpe,Wolfinger,twolfingerqi@ft.com,Male,Brainsphere,Bislama,65-9551312,Mrs,2015/2/15,,,
956,Rip,Pesselt,rpesseltqj@trellian.com,Non-binary,Flashdog,Dari,29-7834598,Mr,2015/2/15,,,
957,Wolf,de Banke,wdebankeqk@sakura.ne.jp,Male,Chatterpoint,Amharic,28-9920675,Dr,2015/2/15,,,
958,Ag,Pellman,apellmanql@aol.com,Agender,Dabtype,Tsonga,01-3783865,Dr,2015/2/15,,,
959,Wren,Kill,wkillqm@hp.com,Non-binary,Vipe,Amharic,45-3903279,Ms,2015/2/15,,,
960,Ezra,Rathke,erathkeqn@devhub.com,Polygender,Dynava,Malagasy,12-2723708,Mr,2015/2/15,,,
961,Jenny,Barlass,jbarlassqo@uol.com.br,Male,Jabbersphere,Belarusian,49-6771210,Ms,2015/2/15,,,
962,Norby,Huddlestone,nhuddlestoneqp@irs.gov,Male,Mynte,French,61-3444694,Dr,2015/2/15,,,
963,Aveline,Coverley,acoverleyqq@time.com,Agender,Quinu,Telugu,82-4520167,Mrs,2015/2/15,,,
964,Eldridge,Surcombe,esurcombeqr@webnode.com,Non-binary,Dynabox,Quechua,59-9355148,Mrs,2015/2/15,,,
965,Kele,Worgan,kworganqs@boston.com,Male,Vitz,Fijian,69-8908163,Mrs,2015/2/15,,,
966,Fionna,Brandon,fbrandonqt@tinyurl.com,Genderfluid,Tazz,Tajik,47-3683751,Mrs,2015/2/15,,,
967,Roi,Dabernott,rdabernottqu@rakuten.co.jp,Female,Buzzbean,Tetum,54-0179181,Mr,2015/2/15,,,
968,Matilde,Esmond,mesmondqv@elegantthemes.com,Polygender,Yodoo,Catalan,47-5313550,Mr,2015/2/15,,,
969,Aleda,Cousins,acousinsqw@simplemachines.org,Genderqueer,Wordify,Amharic,60-5271995,Dr,2015/2/15,,,
970,Marissa,Gammons,mgammonsqx@blogtalkradio.com,Male,Eimbee,Malagasy,62-7871307,Mr,2015/2/15,,,
971,Bernardo,Ough,boughqy@patch.com,Genderqueer,Edgeclub,Khmer,51-5664490,Dr,2015/2/15,,,
972,Gideon,Forsey,gforseyqz@nydailynews.com,Non-binary,Jaxspan,Burmese,34-1180027,Dr,2015/2/15,,,
973,Calypso,Broad,cbroadr0@wikispaces.com,Female,InnoZ,Moldovan,14-1275453,Dr,2015/2/15,,,
974,Susana,Barabisch,sbarabischr1@nasa.gov,Bigender,Babblestorm,Malay,79-4388074,Dr,2015/2/15,,,
975,Pen,Tordiffe,ptordiffer2@wp.com,Bigender,Jabbersphere,Pashto,52-3973184,Mrs,2015/2/15,,,
976,Kris,Crewther,kcrewtherr3@google.com.br,Male,Meemm,Telugu,57-9410268,Dr,2015/2/15,,,
977,Kesley,Lyburn,klyburnr4@state.tx.us,Non-binary,Dablist,Montenegrin,55-0516846,Mr,2015/2/15,,,
978,Maria,Hesbrook,mhesbrookr5@spiegel.de,Polygender,Tazzy,Bulgarian,01-0679113,Dr,2015/2/15,,,
979,Tabby,Doherty,tdohertyr6@theguardian.com,Male,Realblab,Nepali,11-5780248,Mr,2015/2/15,,,
980,Hale,Cathersides,hcathersidesr7@pagesperso-orange.fr,Agender,Midel,Montenegrin,48-9805913,Ms,2015/2/15,,,
981,Xerxes,McKeefry,xmckeefryr8@typepad.com,Genderfluid,Bubblebox,Hindi,20-0054769,Mrs,2015/2/15,,,
982,Danya,Baribal,dbaribalr9@about.me,Agender,Mymm,Haitian Creole,13-8363854,Dr,2015/2/15,,,
983,Rowney,Ahrendsen,rahrendsenra@yandex.ru,Male,Zoomdog,French,64-9451585,Ms,2015/2/15,,,
984,Robinet,Dumbrell,rdumbrellrb@si.edu,Genderqueer,Kwideo,Somali,68-3391521,Dr,2015/2/15,,,
985,Lindsay,Gay,lgayrc@sohu.com,Agender,Wikizz,Hebrew,13-6334848,Ms,2015/2/15,,,
986,Dionne,Kennett,dkennettrd@mlb.com,Male,Mynte,Maltese,79-8030479,Mr,2015/2/15,,,
987,Courtnay,Spoure,cspourere@who.int,Genderfluid,Riffwire,Maltese,79-2079731,Mr,2015/2/15,,,
988,Maryellen,Bain,mbainrf@zimbio.com,Polygender,Browseblab,Persian,69-1090092,Dr,2015/2/15,,,
989,Rodolph,Dimnage,rdimnagerg@who.int,Agender,Yoveo,Japanese,92-1211708,Mr,2015/2/15,,,
990,Lazarus,Tabert,ltabertrh@marketwatch.com,Agender,Mybuzz,Assamese,52-8256325,Ms,2015/2/15,,,
991,Hogan,Riddock,hriddockri@spotify.com,Non-binary,Dynazzy,Guaraní,91-1500042,Ms,2015/2/15,,,
992,Wynnie,Currom,wcurromrj@dagondesign.com,Polygender,JumpXS,Fijian,93-2246677,Dr,2015/2/15,,,
993,Ced,Mardle,cmardlerk@nasa.gov,Agender,Yabox,Punjabi,23-4004935,Mr,2015/2/15,,,
994,Agace,Gilson,agilsonrl@tiny.cc,Agender,Yodo,Oriya,04-6632663,Mr,2015/2/15,,,
995,Helaina,Collen,hcollenrm@wsj.com,Bigender,Quinu,Punjabi,74-0403667,Dr,2015/2/15,,,
996,Ophelia,Leathley,oleathleyrn@marketwatch.com,Polygender,Dynava,Korean,17-0059140,Mrs,2015/2/15,,,
997,Bobine,Corkill,bcorkillro@eventbrite.com,Female,Minyx,Northern Sotho,68-5718080,Dr,2015/2/15,,,
998,Ange,McCrie,amccrierp@discovery.com,Polygender,Skilith,Swedish,10-3278655,Ms,2015/2/15,,,
999,Ted,Bastistini,tbastistinirq@dmoz.org,Female,Topiclounge,Swahili,19-4732811,Dr,2015/2/15,,,
1000,Bobinette,Raise,braiserr@cloudflare.com,Agender,Meejo,Malay,73-4088840,Dr,2015/2/15,,,