id,first name,last_name,email,gender,Care Center,languages,NPI,title
1,Arluene,Porcas,aporcas0@quantcast.com,Genderqueer,Tagpad,Quechua,99-5785223,Dr
2,Esmeralda,Hickisson,ehickisson1@instagram.com,Polygender,Kwimbee,Italian,45-8955718,Mrs
3,Anny,Capps,acapps2@twitter.com,Female,Abata,Malagasy,97-0472610,Mrs
4,Papageno,Stonhewer,pstonhewer3@infoseek.co.jp,Male,Meemm,Papiamento,01-1787650,Rev
5,Janette,Swendell,jswendell4@homestead.com,Female,Ailane,Norwegian,24-2332292,Mr
6,Judith,Brognot,jbrognot5@cpanel.net,Polygender,Eadel,Kazakh,21-7914926,Honorable
7,Arie,Bifield,abifield6@alibaba.com,Male,Voomm,Kashmiri,22-0792766,Rev
8,Leann,Enrico,lenrico7@lycos.com,Agender,Thoughtbridge,Spanish,86-2200853,Ms
9,Cairistiona,Pointing,cpointing8@biblegateway.com,Male,Demivee,Danish,90-6991998,Mr
10,Carolin,Shalloo,cshalloo9@mlb.com,Bigender,Zava,Malay,50-0833073,Rev
11,Bobina,Paireman,bpairemana@youtu.be,Female,Dynabox,Nepali,48-5503208,Mrs
12,Emilee,Petrello,epetrellob@addtoany.com,Polygender,Kaymbo,Nepali,59-1940950,Rev
13,Essie,Plenderleith,eplenderleithc@friendfeed.com,Polygender,Feedfish,Guaraní,45-4012488,Mr
14,Abra,Wodham,awodhamd@people.com.cn,Bigender,Roomm,Guaraní,09-8991053,Mrs
15,Guthrie,Donaghy,gdonaghye@ucsd.edu,Polygender,Gigaclub,Arabic,96-5975656,Dr
16,Sabine,Seeman,sseemanf@1688.com,Bigender,Roombo,Hungarian,62-9193432,Ms
17,Sauncho,Sedgeworth,ssedgeworthg@constantcontact.com,Genderfluid,Voonix,Hindi,29-5392534,Mr
18,Annabell,Scotchbourouge,ascotchbourougeh@github.io,Polygender,Feedspan,Guaraní,48-1275872,Honorable
19,Minetta,Berndtssen,mberndtsseni@nymag.com,Bigender,Zazio,Haitian Creole,82-7651665,Rev
20,Arlen,le Keux,alekeuxj@yahoo.co.jp,Agender,Aimbu,Hindi,71-8821118,Mrs
21,Richmound,Hannen,rhannenk@dropbox.com,Genderqueer,Realmix,Northern Sotho,33-6406422,Rev
22,Betty,Greenan,bgreenanl@sourceforge.net,Bigender,Skipfire,Maltese,64-9560678,Dr
23,Lanie,Ransome,lransomem@marriott.com,Non-binary,Podcat,Latvian,65-2785921,Honorable
24,Brena,Bodham,bbodhamn@amazonaws.com,Genderqueer,Kwideo,Finnish,51-2353393,Dr
25,Rodie,Farnsworth,rfarnswortho@myspace.com,Non-binary,Twitterworks,Sotho,95-6077789,Honorable
26,Luce,Pringle,lpringlep@pagesperso-orange.fr,Female,Yambee,Nepali,02-1402862,Mrs
27,Hillary,Coldicott,hcoldicottq@blog.com,Agender,Thoughtbridge,Thai,11-3297769,Mr
28,Nell,Noore,nnoorer@nsw.gov.au,Female,Eayo,Bosnian,31-3300830,Mr
29,Susie,De la Harpe,sdelaharpes@unesco.org,Agender,Quimba,Lithuanian,82-2889502,Mr
30,Lewie,Canty,lcantyt@apple.com,Genderfluid,Edgepulse,Danish,86-1324280,Ms
31,Ingamar,Murfill,imurfillu@cnbc.com,Genderfluid,Gabcube,Tamil,11-9811618,Mr
32,Courtney,Crosswaite,ccrosswaitev@bigcartel.com,Non-binary,Oozz,Bulgarian,67-4393885,Dr
33,Eduardo,Febre,efebrew@earthlink.net,Genderfluid,Devpoint,Icelandic,49-6289924,Ms
34,Tierney,Fothergill,tfothergillx@google.com.br,Agender,Blogtags,Telugu,04-3621363,Mr
35,Travus,Berridge,tberridgey@domainmarket.com,Female,BlogXS,Tsonga,11-0393302,Mrs
36,Amos,Barthropp,abarthroppz@independent.co.uk,Female,Twitterbeat,Albanian,46-0464438,Ms
37,Fernande,Lygoe,flygoe10@deliciousdays.com,Genderfluid,Skalith,Croatian,05-8482683,Dr
38,Roda,Stigers,rstigers11@csmonitor.com,Female,Meevee,Indonesian,25-0303565,Honorable
39,Devora,Clemoes,dclemoes12@flavors.me,Bigender,Aimbo,Maltese,12-8556222,Rev
40,Adam,Henmarsh,ahenmarsh13@usatoday.com,Female,Realcube,Dhivehi,81-5527100,Mr
41,Lynda,Dalzell,ldalzell14@sogou.com,Bigender,Jayo,Indonesian,48-3250016,Dr
42,Bibbye,Noulton,bnoulton15@techcrunch.com,Genderfluid,Quimba,Tswana,41-4083545,Honorable
43,Tamqrah,Hawket,thawket16@vistaprint.com,Genderqueer,Zoombeat,Korean,18-7712117,Mr
44,Nolly,Deyes,ndeyes17@google.es,Polygender,Wikizz,Burmese,16-2532165,Dr
45,Fae,Pues,fpues18@canalblog.com,Agender,Mybuzz,Kurdish,28-8565169,Ms
46,Jami,Digan,jdigan19@meetup.com,Agender,Youspan,Kyrgyz,83-8420329,Dr
47,Otha,Shafto,oshafto1a@alexa.com,Female,Rhycero,Kannada,53-8914776,Mrs
48,Bronny,Friman,bfriman1b@msu.edu,Polygender,Quatz,Māori,35-4199799,Dr
49,Giorgia,Squibb,gsquibb1c@examiner.com,Genderfluid,Skivee,Malayalam,19-8129532,Mrs
50,Vail,Critchard,vcritchard1d@uiuc.edu,Male,Meetz,Romanian,70-0196059,Mr
51,Ada,Bickford,abickford1e@drupal.org,Non-binary,Fliptune,Belarusian,98-1293334,Dr
52,Asa,Verman,averman1f@w3.org,Polygender,Aibox,Finnish,58-8663329,Ms
53,Chance,Woodward,cwoodward1g@mysql.com,Non-binary,DabZ,Kyrgyz,87-3084478,Rev
54,Lu,Crosswaite,lcrosswaite1h@salon.com,Genderqueer,Jabbersphere,Yiddish,52-3712433,Rev
55,Forbes,Yitzhok,fyitzhok1i@skype.com,Bigender,Bubblemix,Gagauz,88-1439842,Mrs
56,Monti,Jiricka,mjiricka1j@phpbb.com,Female,Dynabox,Estonian,71-8674731,Dr
57,Stillmann,Grigorescu,sgrigorescu1k@pinterest.com,Male,Pixope,Estonian,51-6871098,Mrs
58,Kaylyn,Mithan,kmithan1l@tripod.com,Agender,Meezzy,Assamese,91-4707164,Rev
59,Marietta,Seniour,mseniour1m@ebay.co.uk,Non-binary,Lazz,Greek,98-7725059,Ms
60,Arni,Moorhead,amoorhead1n@wufoo.com,Genderqueer,Voolia,Burmese,23-1190509,Mr
61,Bianca,Silver,bsilver1o@technorati.com,Bigender,Avamba,Hebrew,09-9376205,Rev
62,Sheila,Lorant,slorant1p@bing.com,Non-binary,Quimm,Chinese,88-8580196,Ms
63,Deana,Keene,dkeene1q@instagram.com,Genderfluid,Lajo,Italian,53-5953292,Mr
64,Ladonna,Opfer,lopfer1r@wikimedia.org,Female,Thoughtmix,Croatian,83-6745739,Mrs
65,Sonny,Farrans,sfarrans1s@illinois.edu,Non-binary,Skinte,Dzongkha,78-3580870,Dr
66,Emili,Dutton,edutton1t@flickr.com,Genderqueer,Quaxo,Belarusian,18-6528525,Honorable
67,Vera,Sollis,vsollis1u@bbc.co.uk,Bigender,Oyonder,Indonesian,69-8887461,Dr
68,Corby,Cornewall,ccornewall1v@multiply.com,Female,Photolist,Papiamento,08-2324042,Ms
69,Darrick,Coppin,dcoppin1w@go.com,Genderqueer,Feednation,Tamil,53-1620364,Mrs
70,Davey,Golling,dgolling1x@google.com.hk,Non-binary,Oodoo,Kazakh,96-3581214,Rev
71,Melvin,Whittington,mwhittington1y@redcross.org,Agender,Realfire,Fijian,22-7889630,Mr
72,Charmane,Madgin,cmadgin1z@altervista.org,Genderfluid,Quinu,Armenian,90-0645556,Mr
73,Sacha,Leopold,sleopold20@msn.com,Non-binary,Twiyo,Marathi,94-1722902,Mr
74,Arv,Lenard,alenard21@kickstarter.com,Genderfluid,Teklist,Hebrew,02-2123942,Ms
75,Ursuline,Roller,uroller22@fotki.com,Male,Zoombox,Tamil,53-4375372,Ms
76,Almeria,Sorbey,asorbey23@berkeley.edu,Female,Voomm,Nepali,10-9966362,Ms
77,Yvette,Lebbon,ylebbon24@lycos.com,Female,Browsezoom,Arabic,09-9931357,Honorable
78,Hugo,Brandin,hbrandin25@yahoo.co.jp,Agender,Topicware,Latvian,92-5392615,Ms
79,Artur,Brun,abrun26@addtoany.com,Genderfluid,Voonder,Yiddish,03-5392504,Dr
80,Bette,Edgerton,bedgerton27@spiegel.de,Genderfluid,Edgepulse,Zulu,49-5417794,Mrs
81,Dallis,Smallridge,dsmallridge28@tripadvisor.com,Female,Browsetype,Fijian,70-2760637,Mrs
82,Carlynn,Fippe,cfippe29@blogs.com,Non-binary,Reallinks,Marathi,95-9142625,Dr
83,Albina,Bagot,abagot2a@flickr.com,Agender,Omba,Kyrgyz,95-1468851,Mrs
84,Selinda,Partleton,spartleton2b@ning.com,Male,Roomm,Estonian,42-7876922,Honorable
85,Jaymee,Tuerena,jtuerena2c@google.co.jp,Non-binary,Zoonoodle,Hebrew,67-7990335,Mrs
86,Viviyan,Williscroft,vwilliscroft2d@constantcontact.com,Male,Vipe,Khmer,78-0968482,Mrs
87,Adelice,Cracknall,acracknall2e@ftc.gov,Polygender,Browsecat,English,28-6831574,Dr
88,Ilaire,Sibbald,isibbald2f@blogspot.com,Agender,Realfire,Korean,36-8024075,Mrs
89,Delaney,Olivello,dolivello2g@marketwatch.com,Female,Mydeo,Haitian Creole,59-3476663,Mrs
90,Franchot,Pocke,fpocke2h@bing.com,Female,Divavu,Estonian,29-6842284,Mrs
91,Teador,McCorkell,tmccorkell2i@nsw.gov.au,Non-binary,Jaxspan,Indonesian,72-6286644,Dr
92,Perla,Simic,psimic2j@comcast.net,Agender,Skyble,Dhivehi,68-0925880,Mr
93,Fianna,Saltsberger,fsaltsberger2k@wikia.com,Bigender,Voolith,Gagauz,72-6197313,Ms
94,Haleigh,Cabral,hcabral2l@yahoo.com,Female,Eimbee,Lithuanian,13-8261287,Mr
95,Bucky,Cockney,bcockney2m@weibo.com,Bigender,Edgetag,Tsonga,60-2243831,Mrs
96,Linn,Hebden,lhebden2n@columbia.edu,Agender,Oodoo,Haitian Creole,80-2338401,Mrs
97,Kassie,Fearnill,kfearnill2o@go.com,Non-binary,Tekfly,Swati,66-3173537,Mr
98,Consuelo,Verbrugghen,cverbrugghen2p@vinaora.com,Bigender,Minyx,Macedonian,16-0275838,Mr
99,Morena,Fenlon,mfenlon2q@ebay.com,Female,Realblab,Lithuanian,42-5770762,Rev
100,Suzette,Easbie,seasbie2r@guardian.co.uk,Genderqueer,Abatz,Dzongkha,82-8991887,Ms
101,Kenna,Martynikhin,kmartynikhin2s@infoseek.co.jp,Agender,Aimbo,Somali,88-2805479,Dr
102,Travus,Ourry,tourry2t@intel.com,Bigender,Thoughtmix,Quechua,30-0465056,Rev
103,Martainn,Charlton,mcharlton2u@chronoengine.com,Genderfluid,Browsebug,Latvian,98-6129881,Honorable
104,Read,Reinger,rreinger2v@surveymonkey.com,Female,Browseblab,Dhivehi,59-9732117,Honorable
105,Gabriell,Sirmon,gsirmon2w@addthis.com,Bigender,Voonte,Kazakh,30-9216715,Dr
106,Gilberte,Sell,gsell2x@umich.edu,Bigender,Voonyx,Malagasy,26-7681805,Mr
107,Ammamaria,Faucett,afaucett2y@wordpress.org,Non-binary,Devbug,Tetum,36-7830283,Honorable
108,Haroun,Lautie,hlautie2z@vimeo.com,Genderfluid,Edgeblab,Polish,02-6344590,Ms
109,Dorree,Georger,dgeorger30@sun.com,Genderfluid,Chatterpoint,Pashto,80-7010290,Rev
110,Land,Crinage,lcrinage31@gizmodo.com,Male,Tagtune,Norwegian,85-3590139,Honorable
111,Cash,McRobbie,cmcrobbie32@comcast.net,Female,Kare,Burmese,55-7685515,Dr
112,Reginald,Wensley,rwensley33@istockphoto.com,Non-binary,Trunyx,Belarusian,94-4121906,Honorable
113,Revkah,Waylen,rwaylen34@paypal.com,Polygender,Feedbug,Luxembourgish,89-7951310,Honorable
114,Jo-anne,Ades,jades35@ezinearticles.com,Genderqueer,Janyx,Portuguese,49-2041078,Mr
115,Dulcinea,Jakel,djakel36@freewebs.com,Polygender,Devcast,Romanian,17-5522787,Ms
116,Sandye,Feechan,sfeechan37@bloglines.com,Genderfluid,Leenti,Gagauz,49-1725673,Honorable
117,Lucia,Buche,lbuche38@berkeley.edu,Genderfluid,Bluejam,Persian,14-1505624,Honorable
118,Levy,Hassey,lhassey39@alibaba.com,Male,Tanoodle,Thai,53-4082726,Rev
119,Evangelin,Brakewell,ebrakewell3a@goo.gl,Female,Centimia,Kyrgyz,14-1205984,Honorable
120,Chrysa,Matzaitis,cmatzaitis3b@wikispaces.com,Genderqueer,Flipstorm,Armenian,26-3648561,Honorable
121,Nora,Bezant,nbezant3c@eventbrite.com,Genderfluid,Eabox,Hindi,79-4151239,Mrs
122,Eveleen,Huxstep,ehuxstep3d@columbia.edu,Genderfluid,Avavee,Kazakh,77-4957831,Mrs
123,Kare,Lennie,klennie3e@noaa.gov,Non-binary,Buzzshare,Finnish,08-4161795,Mrs
124,Bob,Adlem,badlem3f@skype.com,Male,Thoughtbeat,Azeri,48-2314420,Honorable
125,Gussi,Measor,gmeasor3g@paginegialle.it,Agender,Tazz,Albanian,88-0854326,Rev
126,Rebeka,McCallam,rmccallam3h@is.gd,Genderqueer,Quimm,Japanese,80-5359313,Rev
127,Roderich,McKinless,rmckinless3i@nymag.com,Genderfluid,Muxo,Guaraní,34-3595639,Ms
128,Torrance,O'Dogherty,todogherty3j@irs.gov,Genderqueer,Ntag,Pashto,60-5305913,Rev
129,Tova,Nansom,tnansom3k@spotify.com,Female,Jamia,Dhivehi,23-6459531,Mr
130,Dorey,Ryles,dryles3l@foxnews.com,Genderfluid,Vinder,Bislama,66-3498399,Mrs
131,Dodie,Henrych,dhenrych3m@ox.ac.uk,Agender,Wordtune,Afrikaans,20-5923355,Mrs
132,Bengt,Maken,bmaken3n@technorati.com,Genderfluid,Gabtype,Malayalam,10-6780247,Ms
133,Hoebart,Guidini,hguidini3o@techcrunch.com,Female,Kanoodle,Khmer,88-2382317,Ms
134,Reider,Wasiela,rwasiela3p@dropbox.com,Non-binary,Bluejam,Georgian,02-1898475,Dr
135,Terrye,Clows,tclows3q@berkeley.edu,Non-binary,Rhybox,Dhivehi,24-0663766,Ms
136,Morgan,Sibbert,msibbert3r@wikipedia.org,Female,InnoZ,Luxembourgish,24-9655155,Ms
137,Guglielmo,Droogan,gdroogan3s@globo.com,Genderqueer,Meemm,Kazakh,49-6729546,Dr
138,Melly,Lau,mlau3t@berkeley.edu,Non-binary,Roodel,Swahili,59-4964909,Ms
139,Baxie,Joberne,bjoberne3u@cdc.gov,Genderfluid,JumpXS,Montenegrin,14-1950061,Ms
140,Batsheva,Cobbe,bcobbe3v@histats.com,Genderfluid,Zoombeat,Japanese,82-7279172,Honorable
141,Stafford,Skehan,sskehan3w@ox.ac.uk,Genderqueer,Yakitri,Luxembourgish,10-0216901,Dr
142,Roselle,Yakunchikov,ryakunchikov3x@sun.com,Genderqueer,Realbridge,Bulgarian,18-4316737,Rev
143,Kristoffer,Melville,kmelville3y@dmoz.org,Bigender,Yakijo,Tajik,96-4784340,Honorable
144,Riva,Maurice,rmaurice3z@nbcnews.com,Agender,Blognation,Hindi,13-7769219,Mrs
145,Kimbra,Itzkovich,kitzkovich40@bloglovin.com,Agender,Aimbo,Persian,52-5693037,Mrs
146,Hali,Abramino,habramino41@oracle.com,Non-binary,Aimbo,Portuguese,69-7317080,Ms
147,Ethelbert,Norton,enorton42@ezinearticles.com,Polygender,Eazzy,Yiddish,39-7004260,Mr
148,Alane,Caswall,acaswall43@ibm.com,Bigender,Jabbersphere,Dhivehi,49-6793029,Mrs
149,Stanislaus,Offa,soffa44@wordpress.org,Polygender,Teklist,Fijian,31-3818454,Rev
150,Lannie,Stirton,lstirton45@fema.gov,Agender,Avaveo,Amharic,23-5091715,Rev
151,Shelba,Swindlehurst,sswindlehurst46@etsy.com,Polygender,Browsetype,Marathi,28-5544080,Mrs
152,Gustavus,Echelle,gechelle47@theguardian.com,Female,Jabbersphere,Fijian,56-4118808,Ms
153,Layla,Cowx,lcowx48@woothemes.com,Male,Dabjam,Tamil,02-5008904,Dr
154,Bessy,Basilotta,bbasilotta49@friendfeed.com,Female,Twitterworks,Malay,14-1383468,Dr
155,Angel,Bellworthy,abellworthy4a@businessweek.com,Non-binary,Twinte,Tok Pisin,91-9184676,Honorable
156,Ricki,Broderick,rbroderick4b@amazonaws.com,Genderqueer,Tagfeed,Khmer,59-1911047,Mr
157,Alicia,Roseaman,aroseaman4c@indiatimes.com,Polygender,Midel,Swati,51-5992275,Rev
158,Prudence,Dani,pdani4d@businessinsider.com,Female,Lazz,Quechua,44-5105562,Rev
159,Shurlocke,Beldom,sbeldom4e@miitbeian.gov.cn,Female,Tagcat,English,29-7039571,Ms
160,Ambrosius,Couve,acouve4f@vinaora.com,Genderfluid,Jabbersphere,Italian,64-8784457,Honorable
161,Hildagarde,Kingswoode,hkingswoode4g@nps.gov,Non-binary,Viva,Tetum,11-3144975,Honorable
162,Binky,Gallyon,bgallyon4h@hexun.com,Polygender,Meedoo,Italian,36-7999819,Mr
163,Regina,Gouldthorp,rgouldthorp4i@theatlantic.com,Agender,Devpoint,Arabic,45-7147945,Honorable
164,Nari,Gockeler,ngockeler4j@icio.us,Genderqueer,Voonyx,Tamil,85-8686816,Dr
165,Margarette,Jakubiak,mjakubiak4k@com.com,Genderfluid,Meeveo,Arabic,98-7471662,Honorable
166,Werner,Houlston,whoulston4l@amazonaws.com,Genderfluid,Realmix,Macedonian,81-8567624,Honorable
167,Estella,Bales,ebales4m@nyu.edu,Non-binary,Twiyo,Swati,57-7175909,Mr
168,Julienne,O'Hdirscoll,johdirscoll4n@nifty.com,Genderqueer,Vitz,Armenian,11-1187179,Dr
169,Alexis,Simonot,asimonot4o@ustream.tv,Genderfluid,Trilia,Aymara,51-5267423,Mr
170,Lynde,Bollom,lbollom4p@sohu.com,Bigender,Edgepulse,Bosnian,20-5270689,Honorable
171,Waylin,Duddan,wduddan4q@123-reg.co.uk,Agender,Photobug,Albanian,47-9831984,Ms
172,Gisella,Stangoe,gstangoe4r@skyrock.com,Male,Photobug,Papiamento,56-3555618,Dr
173,Norrie,Geal,ngeal4s@dailymotion.com,Female,Twiyo,Czech,22-9082834,Dr
174,Luca,Gillino,lgillino4t@google.it,Genderqueer,Browsedrive,Malay,87-8339080,Mrs
175,Rena,Gouck,rgouck4u@who.int,Non-binary,Skiptube,Bislama,44-9529802,Mr
176,Rosie,Dumbrall,rdumbrall4v@addtoany.com,Polygender,Flashdog,Greek,59-1468491,Rev
177,Lia,Aitchison,laitchison4w@sphinn.com,Polygender,Abata,Yiddish,86-7069455,Ms
178,Hillie,Leghorn,hleghorn4x@parallels.com,Genderqueer,Layo,Hindi,66-1601759,Ms
179,Lianne,Buncher,lbuncher4y@usda.gov,Female,Youopia,Gagauz,03-5604019,Rev
180,Helli,Ewebank,hewebank4z@webs.com,Bigender,Skibox,Malay,75-7770688,Mr
181,Vallie,Coveney,vcoveney50@nsw.gov.au,Male,Dynazzy,West Frisian,68-1963094,Ms
182,Idette,Propper,ipropper51@unc.edu,Agender,Twitterbeat,Lao,60-3105176,Honorable
183,Jannel,Hartus,jhartus52@skyrock.com,Female,Twiyo,Moldovan,03-2417523,Honorable
184,Henka,Pimerick,hpimerick53@tinypic.com,Genderqueer,Linklinks,Punjabi,30-5042817,Rev
185,Caresse,Shegog,cshegog54@disqus.com,Non-binary,Cogilith,Albanian,46-0045971,Dr
186,Fara,MacAughtrie,fmacaughtrie55@sphinn.com,Genderfluid,Tazz,Oriya,65-2632141,Honorable
187,Adolphe,Twigge,atwigge56@redcross.org,Male,Aivee,Malayalam,16-5750140,Dr
188,Gil,Smorthit,gsmorthit57@rakuten.co.jp,Male,Thoughtsphere,Dhivehi,25-7732615,Rev
189,Salomo,Sidebottom,ssidebottom58@adobe.com,Female,Gigashots,Belarusian,15-9346137,Mr
190,Dasie,Genny,dgenny59@google.com.au,Bigender,Zooveo,Filipino,02-9529280,Mrs
191,Liz,Paireman,lpaireman5a@oaic.gov.au,Male,Wikivu,Kazakh,28-7663017,Mr
192,Thatch,Porritt,tporritt5b@disqus.com,Non-binary,Viva,Chinese,79-8505599,Honorable
193,Zarla,Gaynor,zgaynor5c@shareasale.com,Genderqueer,Flashspan,Sotho,16-8093081,Rev
194,Pascale,Plampeyn,pplampeyn5d@t-online.de,Polygender,Skippad,Korean,27-1017415,Honorable
195,Staford,Ker,sker5e@admin.ch,Bigender,Gabtune,Armenian,99-0279115,Rev
196,Millisent,Cudbertson,mcudbertson5f@xinhuanet.com,Agender,Mynte,Gagauz,59-0134964,Mr
197,Holden,Fevier,hfevier5g@youtu.be,Non-binary,Eabox,Azeri,68-4889662,Dr
198,Alexine,Puncher,apuncher5h@liveinternet.ru,Bigender,Meeveo,Khmer,80-3216878,Rev
199,Odella,Vellender,ovellender5i@va.gov,Female,Feedfish,Quechua,39-7158323,Mrs
200,Arleyne,Ionnidis,aionnidis5j@indiatimes.com,Non-binary,Digitube,Armenian,56-8813028,Rev
201,Alecia,Arnell,aarnell5k@hatena.ne.jp,Agender,Skajo,Filipino,31-2881058,Honorable
202,Jacenta,Passmore,jpassmore5l@over-blog.com,Non-binary,Browseblab,West Frisian,72-9837040,Dr
203,Georgeanne,Elwill,gelwill5m@sourceforge.net,Genderfluid,Meedoo,Bosnian,14-5173193,Mrs
204,Gerard,Riep,griep5n@google.nl,Polygender,Aimbo,Malay,98-8222053,Dr
205,Hartwell,Coyish,hcoyish5o@pagesperso-orange.fr,Genderfluid,Vinte,Georgian,26-0162951,Dr
206,Clair,Meryett,cmeryett5p@mozilla.org,Non-binary,Zoonder,West Frisian,26-3219537,Rev
207,Eugenio,Klugman,eklugman5q@hud.gov,Genderqueer,Oozz,Japanese,39-1600105,Ms
208,Robby,Lanfear,rlanfear5r@weibo.com,Genderfluid,Topicware,Malay,38-5617745,Dr
209,Willie,Wellfare,wwellfare5s@parallels.com,Bigender,Eare,Belarusian,36-3804994,Mr
210,Giacopo,Bellefant,gbellefant5t@miibeian.gov.cn,Female,Avamba,Dhivehi,34-5451031,Mr
211,Marlowe,Egar,megar5u@pbs.org,Genderqueer,Trilia,Dari,62-4211144,Ms
212,Selene,Toffel,stoffel5v@g.co,Genderqueer,Topicstorm,Dhivehi,59-0127242,Dr
213,Erek,Baccas,ebaccas5w@wordpress.com,Agender,Gabtype,Estonian,53-6619742,Rev
214,Jacquelynn,Kilmaster,jkilmaster5x@accuweather.com,Non-binary,Centidel,Estonian,72-4797382,Mrs
215,Cassaundra,Flobert,cflobert5y@meetup.com,Genderqueer,Buzzbean,Polish,57-8835635,Ms
216,Nariko,Scutter,nscutter5z@woothemes.com,Genderqueer,Yoveo,Tswana,10-5274396,Rev
217,Malinda,Schreurs,mschreurs60@ameblo.jp,Male,Lazz,Swedish,06-5174651,Mrs
218,Vita,Golds,vgolds61@globo.com,Non-binary,Riffpath,Swahili,12-6979011,Dr
219,Sisile,Polleye,spolleye62@theatlantic.com,Female,Tagchat,Zulu,46-1840182,Dr
220,Lorry,Doick,ldoick63@geocities.jp,Genderqueer,Avamba,Afrikaans,12-2305990,Ms
221,Obidiah,Aronovitz,oaronovitz64@google.co.uk,Genderqueer,Centizu,Gujarati,68-7557519,Ms
222,Kippie,Giabuzzi,kgiabuzzi65@prlog.org,Bigender,Buzzster,Bulgarian,17-7878028,Ms
223,Carney,Josefs,cjosefs66@house.gov,Male,Layo,Albanian,05-6092448,Ms
224,Burnaby,Scrafton,bscrafton67@nih.gov,Polygender,Rhynoodle,Guaraní,71-7985400,Dr
225,Ora,Pockey,opockey68@people.com.cn,Genderqueer,Aimbu,Lithuanian,39-1193864,Mr
226,Fairlie,Kinnie,fkinnie69@addthis.com,Polygender,Kazio,English,97-2963378,Mr
227,Idell,Aldus,ialdus6a@github.io,Non-binary,Feedfish,Swahili,23-1497290,Ms
228,Tomas,Langran,tlangran6b@noaa.gov,Genderqueer,Skippad,Northern Sotho,67-9549719,Honorable
229,Dre,Reinhardt,dreinhardt6c@dailymotion.com,Bigender,Topiczoom,Mongolian,28-8426439,Ms
230,Lorita,McKelvey,lmckelvey6d@dagondesign.com,Non-binary,Kwimbee,Hiri Motu,28-2823570,Ms
231,Letizia,Semechik,lsemechik6e@cam.ac.uk,Bigender,Fanoodle,Persian,76-9689903,Mrs
232,Jerry,Allsupp,jallsupp6f@mashable.com,Genderqueer,Skajo,Kannada,47-5983197,Mrs
233,Vi,O'Currine,vocurrine6g@cnn.com,Bigender,Lajo,Persian,98-5138944,Honorable
234,Merrick,Scargill,mscargill6h@ezinearticles.com,Genderqueer,Trupe,Macedonian,03-6010788,Mr
235,Marlane,Attenborrow,mattenborrow6i@sciencedaily.com,Genderfluid,Chatterbridge,Tamil,81-6026316,Mr
236,Marlie,Dissman,mdissman6j@photobucket.com,Bigender,Rhybox,Malay,76-8488717,Rev
237,Christin,Corkel,ccorkel6k@wiley.com,Female,Blogtags,Afrikaans,20-6215383,Honorable
238,Bell,Elcoat,belcoat6l@washington.edu,Polygender,Jaxbean,Sotho,23-9762646,Dr
239,Bess,Furniss,bfurniss6m@indiatimes.com,Genderqueer,Skinte,Aymara,16-7719189,Rev
240,Osmund,Cuttles,ocuttles6n@skype.com,Genderqueer,Twitterwire,Northern Sotho,79-5197599,Ms
241,Joey,Nelane,jnelane6o@webmd.com,Non-binary,Dynabox,Romanian,55-2814579,Dr
242,Gene,Frankema,gfrankema6p@google.it,Bigender,Cogilith,Hebrew,21-7518177,Mrs
243,Ernestus,Roocroft,eroocroft6q@youtu.be,Polygender,Kwimbee,Albanian,06-9087157,Mr
244,Marice,Szantho,mszantho6r@cdbaby.com,Genderfluid,Mycat,Ndebele,34-0471170,Dr
245,Auguste,Braley,abraley6s@icio.us,Non-binary,Realcube,French,30-0534786,Dr
246,Leia,Ellul,lellul6t@artisteer.com,Genderqueer,Katz,Dutch,96-2877894,Ms
247,Jennica,Haley,jhaley6u@sohu.com,Genderfluid,Edgeblab,Croatian,83-0721771,Dr
248,Hi,Geany,hgeany6v@marriott.com,Genderfluid,Centizu,Quechua,95-1237501,Dr
249,Alexina,Ransom,aransom6w@unc.edu,Genderqueer,Zoomcast,Malay,27-3757187,Ms
250,Lu,Bettaney,lbettaney6x@vk.com,Bigender,Avamm,Tetum,56-3792526,Ms
251,Bevin,Veel,bveel6y@cnbc.com,Male,Aimbo,Irish Gaelic,15-1097725,Dr
252,Audry,Maggiore,amaggiore6z@wikia.com,Polygender,Avamba,Bengali,30-0014811,Mr
253,Hervey,Ranklin,hranklin70@a8.net,Female,Fliptune,Northern Sotho,09-6700308,Honorable
254,Aryn,Ragbourne,aragbourne71@list-manage.com,Male,Tagfeed,New Zealand Sign Language,35-5643662,Honorable
255,Kellie,Jackways,kjackways72@t.co,Genderqueer,Teklist,Catalan,15-1955557,Mr
256,Giuditta,Sibbson,gsibbson73@tinyurl.com,Female,Wordpedia,Tamil,76-0479929,Mrs
257,Alfonse,Springer,aspringer74@ucla.edu,Non-binary,Voonyx,Persian,86-9644347,Dr
258,Kaleena,Allone,kallone75@apple.com,Genderqueer,Tazz,Northern Sotho,57-5042221,Dr
259,Dewie,Dana,ddana76@cornell.edu,Non-binary,Shuffledrive,Arabic,00-8860008,Honorable
260,Elysee,Geard,egeard77@discuz.net,Genderfluid,Voonte,Maltese,26-0699123,Honorable
261,Frederica,Jessett,fjessett78@time.com,Female,Jayo,Japanese,10-4581073,Mr
262,Isa,Carlisle,icarlisle79@artisteer.com,Genderqueer,Livepath,Fijian,79-6216306,Rev
263,Clo,Frede,cfrede7a@list-manage.com,Male,Rhyzio,Georgian,55-0131854,Rev
264,Byran,Ferrettino,bferrettino7b@bbc.co.uk,Agender,Photospace,German,09-4354250,Ms
265,Jarvis,Eles,jeles7c@mlb.com,Male,Thoughtbridge,Catalan,69-3616284,Rev
266,Cristina,Doull,cdoull7d@163.com,Polygender,Tazzy,Gagauz,90-8752314,Mr
267,Gabriellia,Chatfield,gchatfield7e@cnbc.com,Agender,Tazz,Mongolian,24-5809457,Mr
268,Elden,Imloch,eimloch7f@canalblog.com,Female,Vinder,Italian,96-0275754,Ms
269,Aguie,Barz,abarz7g@smh.com.au,Genderfluid,Feedfish,Greek,26-3139970,Mr
270,Dru,Powdrill,dpowdrill7h@purevolume.com,Genderfluid,Flipstorm,Bislama,21-3460963,Dr
271,Enos,d'Escoffier,edescoffier7i@rakuten.co.jp,Genderfluid,Zoomzone,Moldovan,87-5163073,Ms
272,Candie,Dewhirst,cdewhirst7j@w3.org,Agender,Kwinu,Indonesian,43-0545806,Dr
273,Alexandro,Cariss,acariss7k@redcross.org,Polygender,Quinu,Romanian,02-2292356,Honorable
274,Kelci,Luc,kluc7l@indiegogo.com,Genderqueer,Zoombeat,Telugu,56-7419564,Mr
275,Millie,Pochon,mpochon7m@sun.com,Genderqueer,Chatterbridge,Yiddish,16-5835434,Honorable
276,Gaylene,Tyt,gtyt7n@senate.gov,Non-binary,Flipstorm,Kurdish,91-8167882,Ms
277,Nolly,Grelik,ngrelik7o@ftc.gov,Genderqueer,Thoughtworks,Arabic,25-4371448,Rev
278,Noelani,Mumbey,nmumbey7p@yellowpages.com,Genderqueer,Dynava,Thai,88-8423136,Rev
279,Nickolas,Wines,nwines7q@free.fr,Bigender,Ozu,Indonesian,24-1151840,Ms
280,Odell,Feldbrin,ofeldbrin7r@cocolog-nifty.com,Genderqueer,Centidel,Telugu,93-0505115,Ms
281,Lexy,Petrus,lpetrus7s@nature.com,Genderqueer,Abatz,Moldovan,63-3871865,Mr
282,Fabe,Kelbie,fkelbie7t@ning.com,Agender,Miboo,Hiri Motu,05-9381879,Mrs
283,Camilla,Harbard,charbard7u@earthlink.net,Non-binary,Linkbridge,Mongolian,88-0792659,Mrs
284,Sonnie,Coombs,scoombs7v@bravesites.com,Genderqueer,Aimbo,Gujarati,14-1187079,Mrs
285,Jonis,Oxenden,joxenden7w@about.me,Female,Realcube,Moldovan,22-3009674,Rev
286,Weber,Dami,wdami7x@omniture.com,Non-binary,Rhynoodle,Dari,55-1654120,Honorable
287,Dacia,Vockins,dvockins7y@reddit.com,Genderfluid,Twimm,Zulu,24-5452699,Honorable
288,Lavinie,Abazi,labazi7z@irs.gov,Genderfluid,Centimia,Quechua,23-1816984,Rev
289,Cherilynn,Bryenton,cbryenton80@youku.com,Male,Dynabox,Tamil,95-7049133,Dr
290,Clarance,Petit,cpetit81@meetup.com,Polygender,Tambee,Somali,66-5161807,Mr
291,Flem,Scarborough,fscarborough82@java.com,Genderqueer,Izio,Georgian,89-0994462,Mrs
292,Steve,Chuney,schuney83@people.com.cn,Polygender,Shuffletag,Danish,65-2916498,Mrs
293,Denyse,Lawdham,dlawdham84@jiathis.com,Agender,Brightbean,Persian,35-5373334,Mrs
294,Irvin,Sindell,isindell85@ihg.com,Female,Youbridge,Croatian,45-0403112,Dr
295,Osborn,Coweuppe,ocoweuppe86@omniture.com,Agender,Podcat,Hungarian,52-6888895,Rev
296,Vincenty,Beagrie,vbeagrie87@geocities.jp,Polygender,Skinder,Zulu,12-2496724,Dr
297,Nealson,Forster,nforster88@opera.com,Agender,Aimbu,Thai,13-3176495,Mr
298,Kahaleel,Timmens,ktimmens89@edublogs.org,Non-binary,Mudo,Kyrgyz,49-9525546,Ms
299,Shoshana,McInteer,smcinteer8a@apple.com,Genderqueer,Aibox,Quechua,59-2663989,Mr
300,Marleen,Koschek,mkoschek8b@springer.com,Polygender,Mydeo,Hebrew,05-6211029,Ms
301,Ulises,Pedder,upedder8c@amazonaws.com,Polygender,Twitterworks,Chinese,14-5142998,Mrs
302,Sigmund,Inchcomb,sinchcomb8d@smugmug.com,Bigender,Tazz,Spanish,39-6471858,Mrs
303,Alli,Sines,asines8e@hao123.com,Non-binary,Minyx,Swati,65-6577218,Mrs
304,Batholomew,Danielski,bdanielski8f@msu.edu,Agender,Linkbridge,Burmese,63-1834260,Ms
305,Anselm,Bergstram,abergstram8g@tinyurl.com,Genderfluid,Gigaclub,Bosnian,77-9723292,Mr
306,Franky,Charnock,fcharnock8h@upenn.edu,Genderfluid,Katz,Japanese,33-1403882,Honorable
307,Saundra,Impey,simpey8i@mashable.com,Polygender,Eire,Malay,92-4694278,Ms
308,Hilton,Buttress,hbuttress8j@admin.ch,Female,Centizu,Somali,85-7606489,Ms
309,Darryl,Alenov,dalenov8k@ebay.com,Male,Youspan,Hebrew,51-3085947,Rev
310,Elenore,Tappington,etappington8l@forbes.com,Genderqueer,Realbuzz,Gujarati,75-9746615,Mr
311,Stephine,Ucceli,succeli8m@jimdo.com,Male,Flashdog,Albanian,29-3573090,Mr
312,Port,Whittington,pwhittington8n@sciencedaily.com,Agender,Photolist,Norwegian,57-6744461,Mrs
313,Brit,Sharpus,bsharpus8o@cocolog-nifty.com,Polygender,Realcube,Bislama,96-3356272,Ms
314,Ferrell,Sturrock,fsturrock8p@discovery.com,Female,Fatz,Japanese,60-4994928,Honorable
315,Marlee,Coatts,mcoatts8q@joomla.org,Non-binary,Blogpad,Mongolian,67-7129870,Mr
316,Andie,Tranter,atranter8r@wikipedia.org,Male,Photobug,Aymara,31-0492447,Ms
317,Gearard,Queyeiro,gqueyeiro8s@technorati.com,Male,Kimia,Finnish,08-1027764,Honorable
318,Gannie,Ortas,gortas8t@eepurl.com,Bigender,Kayveo,Catalan,09-0317079,Dr
319,Penelopa,Robecon,probecon8u@furl.net,Genderqueer,Voonte,Tsonga,34-2288263,Mr
320,Fax,Yetman,fyetman8v@dell.com,Polygender,Skiptube,Danish,24-0268309,Rev
321,Suzette,todor,stodor8w@slashdot.org,Genderqueer,Layo,English,11-5001191,Rev
322,Kristel,Mowen,kmowen8x@themeforest.net,Polygender,Minyx,Norwegian,25-7519519,Dr
323,Mendel,Minget,mminget8y@cbsnews.com,Female,Trunyx,Gagauz,23-1223605,Rev
324,Stacee,Bussetti,sbussetti8z@newyorker.com,Polygender,Divape,Yiddish,41-5854939,Ms
325,Cathlene,Tottman,ctottman90@artisteer.com,Male,Thoughtmix,Moldovan,06-3900422,Ms
326,Jessamyn,Habin,jhabin91@marketwatch.com,Genderfluid,Tagopia,Punjabi,23-8347805,Mr
327,Nelie,Cundict,ncundict92@washington.edu,Genderqueer,Linkbuzz,Dzongkha,67-9374317,Honorable
328,Farleigh,Cotmore,fcotmore93@dion.ne.jp,Non-binary,Midel,Romanian,63-5648205,Mrs
329,Kaiser,Ades,kades94@ezinearticles.com,Bigender,Skipfire,Malayalam,39-4243895,Ms
330,Dennet,MacTrustam,dmactrustam95@ow.ly,Genderqueer,DabZ,Telugu,82-0379658,Honorable
331,Bill,Ormerod,bormerod96@shutterfly.com,Polygender,Oyoyo,Belarusian,95-3175195,Mr
332,Allister,MacClancey,amacclancey97@dedecms.com,Agender,Twitterbridge,Kazakh,88-7175336,Mrs
333,Saxon,Lukock,slukock98@weebly.com,Male,Lajo,Dhivehi,93-0107811,Ms
334,Laurene,Lydall,llydall99@biblegateway.com,Male,Jabbersphere,Arabic,48-9470337,Dr
335,Leroi,Alexandersen,lalexandersen9a@homestead.com,Non-binary,Jetwire,Quechua,78-2936823,Dr
336,Jordana,Raselles,jraselles9b@harvard.edu,Male,Blogtag,Khmer,22-0540691,Rev
337,Creighton,Harm,charm9c@i2i.jp,Female,Zoomcast,Mongolian,99-9439750,Mrs
338,Ronald,Fothergill,rfothergill9d@washingtonpost.com,Male,Yotz,Azeri,45-9476788,Mrs
339,Kit,Meron,kmeron9e@dell.com,Genderqueer,Voonder,Malay,59-5091841,Ms
340,Aleen,Guillard,aguillard9f@so-net.ne.jp,Polygender,Devcast,Bengali,71-4638278,Rev
341,Marina,Purtell,mpurtell9g@nationalgeographic.com,Genderqueer,Zoonder,Marathi,45-7886367,Dr
342,Dorey,Milleton,dmilleton9h@php.net,Male,Trilia,Filipino,31-6220501,Rev
343,Bunny,Grayer,bgrayer9i@redcross.org,Agender,Mycat,Hebrew,39-7703125,Mrs
344,Caterina,Siberry,csiberry9j@bandcamp.com,Genderqueer,Skiba,Tamil,12-4282954,Honorable
345,Ellsworth,Tees,etees9k@sohu.com,Female,Rhyloo,Lao,37-8137287,Mrs
346,Eulalie,Tibols,etibols9l@java.com,Female,Eamia,Persian,61-8656677,Mrs
347,Nicole,Huffadine,nhuffadine9m@toplist.cz,Bigender,Riffpath,French,92-1783962,Ms
348,Brandyn,Fothergill,bfothergill9n@constantcontact.com,Non-binary,Voonte,Dzongkha,49-9539737,Mrs
349,Maggie,Livingstone,mlivingstone9o@godaddy.com,Polygender,Topdrive,Tetum,99-7046402,Honorable
350,Gunther,Suddaby,gsuddaby9p@bloglines.com,Non-binary,Zazio,Burmese,06-7604927,Mr
351,Giovanna,Chapellow,gchapellow9q@netvibes.com,Male,Lazzy,Aymara,35-6166493,Ms
352,Michele,Edmett,medmett9r@bravesites.com,Genderqueer,Zava,Swedish,81-0146571,Ms
353,Duky,Ansteys,dansteys9s@theatlantic.com,Agender,Livetube,Tetum,58-8627255,Mrs
354,Ardella,Eliaz,aeliaz9t@paypal.com,Bigender,Voomm,Swati,22-0197725,Mr
355,Hetty,Inmett,hinmett9u@cdc.gov,Female,Fanoodle,Azeri,64-5857339,Ms
356,Gun,McGuff,gmcguff9v@businessinsider.com,Bigender,Dabjam,Spanish,14-8802004,Ms
357,Samara,Sutehall,ssutehall9w@surveymonkey.com,Agender,Jazzy,Bosnian,34-4282033,Ms
358,Geoffry,Josephs,gjosephs9x@gmpg.org,Polygender,Yoveo,Croatian,90-5577655,Honorable
359,Ezekiel,Boxall,eboxall9y@odnoklassniki.ru,Female,Buzzbean,Afrikaans,14-1766368,Mr
360,Gerrie,Rowbury,growbury9z@thetimes.co.uk,Female,Einti,Sotho,47-3855870,Dr
361,Shirl,Dougherty,sdoughertya0@wikipedia.org,Genderqueer,Cogidoo,Haitian Creole,34-3363069,Mrs
362,Alonso,Rawcliff,arawcliffa1@va.gov,Bigender,Devpulse,Dhivehi,09-9206592,Honorable
363,Salim,Pidduck,spidducka2@kickstarter.com,Non-binary,Plambee,Telugu,32-7504204,Mrs
364,Mackenzie,Gariff,mgariffa3@narod.ru,Polygender,Fliptune,Khmer,61-6369915,Mrs
365,Ina,Burress,iburressa4@sphinn.com,Female,Browsebug,Tetum,93-6355744,Dr
366,Jaquelin,Ferie,jferiea5@skype.com,Agender,Yamia,Malay,65-3448153,Mrs
367,Worthy,Bullcock,wbullcocka6@google.it,Non-binary,Mycat,Northern Sotho,87-6912849,Mrs
368,Devora,Kennington,dkenningtona7@vk.com,Genderqueer,Wikivu,Quechua,95-2282924,Dr
369,Bette,O' Hern,boherna8@home.pl,Agender,Feednation,Tok Pisin,35-6152794,Ms
370,Tawnya,Patria,tpatriaa9@omniture.com,Agender,Wikido,Somali,28-1962049,Ms
371,Roberto,McWhirter,rmcwhirteraa@mlb.com,Male,Zoombeat,Māori,76-4495921,Ms
372,Ranice,Pickerin,rpickerinab@mail.ru,Polygender,Minyx,Tok Pisin,33-1864562,Rev
373,Yvette,Giuron,ygiuronac@godaddy.com,Bigender,Fliptune,Persian,98-7959459,Ms
374,Cordey,Feacham,cfeachamad@harvard.edu,Agender,Flipstorm,Arabic,55-4197522,Mrs
375,Joleen,Devonside,jdevonsideae@ning.com,Polygender,Gabcube,Kyrgyz,56-3766651,Dr
376,Tillie,Marchment,tmarchmentaf@imgur.com,Male,Ailane,Sotho,79-5874476,Ms
377,Myrtice,Scutts,mscuttsag@jiathis.com,Female,Trupe,Dzongkha,49-1640566,Ms
378,Giovanni,Brooker,gbrookerah@alibaba.com,Genderqueer,Geba,Marathi,10-6839876,Rev
379,Kippy,Busher,kbusherai@linkedin.com,Non-binary,Tagcat,Somali,64-9908332,Dr
380,Felita,Timblett,ftimblettaj@photobucket.com,Bigender,Katz,Estonian,11-1826045,Honorable
381,Giulia,Berntsson,gberntssonak@adobe.com,Male,Yambee,Belarusian,94-6716415,Dr
382,Carley,MacCardle,cmaccardleal@multiply.com,Genderqueer,Edgeify,Gujarati,15-7533859,Dr
383,Davida,Louche,dloucheam@webmd.com,Female,Fanoodle,Somali,37-1018890,Rev
384,Clayborn,Meredyth,cmeredythan@privacy.gov.au,Genderfluid,Feednation,Sotho,95-6302633,Ms
385,Aarika,Lehrer,alehrerao@ning.com,Male,Brightdog,Afrikaans,34-2996823,Mrs
386,Rosella,Troup,rtroupap@goo.gl,Male,Meemm,Nepali,02-8609114,Dr
387,Euphemia,Slucock,eslucockaq@dion.ne.jp,Agender,Kare,Marathi,86-8739731,Mrs
388,Antoinette,Deakes,adeakesar@photobucket.com,Agender,Youtags,Malay,78-5104278,Mr
389,Kassandra,Fairfoul,kfairfoulas@parallels.com,Genderfluid,Flipstorm,Luxembourgish,36-1496457,Dr
390,Valdemar,Bradman,vbradmanat@fc2.com,Non-binary,Vidoo,Tetum,78-4752214,Dr
391,Rebekah,Greetland,rgreetlandau@zimbio.com,Polygender,Twimm,Icelandic,82-1409803,Dr
392,Vanda,Waywell,vwaywellav@miitbeian.gov.cn,Bigender,Divavu,Lao,02-6086471,Mrs
393,Welbie,Grayne,wgrayneaw@npr.org,Non-binary,Dynava,Bengali,03-5636767,Honorable
394,Deni,Hadwin,dhadwinax@privacy.gov.au,Agender,Eabox,Fijian,18-3601450,Mrs
395,Kacie,Gallant,kgallantay@toplist.cz,Agender,Topicware,Maltese,48-3820742,Dr
396,Meaghan,Retchless,mretchlessaz@ebay.com,Non-binary,Yabox,Yiddish,04-8718584,Mr
397,Pavla,Gouldstraw,pgouldstrawb0@aboutads.info,Polygender,Quimm,Malay,53-6305398,Rev
398,Michell,Preto,mpretob1@plala.or.jp,Female,Centidel,Bislama,03-1027445,Mr
399,Selina,Boylund,sboylundb2@topsy.com,Bigender,Pixonyx,Mongolian,24-5097115,Mrs
400,Luci,Shark,lsharkb3@sfgate.com,Agender,Tanoodle,Latvian,88-3133741,Honorable
401,Findlay,Roach,froachb4@vistaprint.com,Genderqueer,Feedbug,Dhivehi,08-1644159,Rev
402,Rhianna,Shubotham,rshubothamb5@xing.com,Female,Meeveo,Lao,19-4635216,Mr
403,Gwendolin,Faunch,gfaunchb6@fotki.com,Bigender,Avamba,Tetum,45-5039203,Dr
404,Constance,Creaven,ccreavenb7@360.cn,Genderfluid,Meembee,French,39-0984657,Mrs
405,Cornie,Grebert,cgrebertb8@cnet.com,Male,Leexo,Bengali,40-9556115,Dr
406,Hadrian,Moxstead,hmoxsteadb9@weebly.com,Bigender,Vinte,Korean,30-5222242,Rev
407,Cozmo,Farmar,cfarmarba@globo.com,Female,Trilia,Hebrew,33-0144458,Dr
408,Beatriz,Morales,bmoralesbb@amazon.de,Genderqueer,Skippad,New Zealand Sign Language,15-9655805,Mrs
409,Petrina,Flann,pflannbc@walmart.com,Genderqueer,Devbug,Bislama,34-5901625,Mr
410,Egon,Hance,ehancebd@weebly.com,Polygender,Riffpath,Tetum,91-5301200,Mr
411,Elysia,Sheran,esheranbe@facebook.com,Female,Realblab,Dhivehi,29-4705068,Honorable
412,Desirae,Taffie,dtaffiebf@g.co,Male,Photobean,Bislama,48-4343778,Honorable
413,Netta,Povele,npovelebg@hexun.com,Male,Yodo,Norwegian,02-4445539,Mr
414,Jemmy,Dutnall,jdutnallbh@canalblog.com,Genderqueer,Devpoint,Assamese,97-8653492,Mr
415,Imelda,Nipper,inipperbi@whitehouse.gov,Genderqueer,Ozu,Malagasy,98-6815510,Dr
416,Maible,Novis,mnovisbj@usda.gov,Genderqueer,Thoughtsphere,Tswana,17-3904130,Mrs
417,Onofredo,Llorens,ollorensbk@google.com.au,Male,Yakijo,Ndebele,90-6121080,Dr
418,Kimberley,Snedker,ksnedkerbl@networksolutions.com,Polygender,Demizz,Amharic,55-3814747,Mrs
419,Onfroi,Fiddy,ofiddybm@statcounter.com,Genderfluid,DabZ,Polish,80-2406748,Mr
420,Luise,MacKain,lmackainbn@privacy.gov.au,Agender,Zooveo,Northern Sotho,64-0161284,Honorable
421,Clementina,Foster,cfosterbo@about.com,Bigender,Youbridge,Polish,64-3369866,Ms
422,Emanuel,Liversley,eliversleybp@google.ca,Polygender,LiveZ,Nepali,16-0153562,Mr
423,Marylou,Jacquemard,mjacquemardbq@gmpg.org,Female,Meedoo,Punjabi,84-4372160,Ms
424,Elihu,Pringley,epringleybr@jimdo.com,Genderfluid,Skibox,Kurdish,24-2464265,Honorable
425,Cissy,Housecroft,chousecroftbs@smugmug.com,Agender,Demizz,Mongolian,87-0918240,Mr
426,Lanie,Noore,lnoorebt@paginegialle.it,Female,Kazio,Gujarati,10-1792548,Ms
427,Melisandra,Taill,mtaillbu@blog.com,Polygender,Agivu,Dutch,87-7187597,Ms
428,Shae,Piolli,spiollibv@timesonline.co.uk,Polygender,Skyba,Pashto,12-1278428,Mrs
429,Dacia,Brandoni,dbrandonibw@pen.io,Genderfluid,Tagtune,Somali,85-1359713,Ms
430,Tades,Grissett,tgrissettbx@qq.com,Non-binary,Twimm,Dzongkha,09-8229990,Mrs
431,Monroe,Fear,mfearby@surveymonkey.com,Male,Yodoo,Bislama,96-8516447,Dr
432,Brittni,McRae,bmcraebz@google.co.jp,Genderqueer,Mynte,Danish,96-3024098,Ms
433,Ferguson,O' Mullane,fomullanec0@vkontakte.ru,Genderfluid,Rhynoodle,Dhivehi,43-8360079,Honorable
434,Virgie,Capun,vcapunc1@com.com,Polygender,Gabtype,New Zealand Sign Language,61-5846905,Dr
435,Blaire,Beauchamp,bbeauchampc2@geocities.jp,Bigender,Devpoint,Somali,14-6330137,Mr
436,Janella,Wadsworth,jwadsworthc3@sciencedirect.com,Genderqueer,Abatz,Georgian,03-3009286,Honorable
437,Davidde,Goodricke,dgoodrickec4@chicagotribune.com,Polygender,Ntags,Bengali,21-9406175,Dr
438,David,Haps,dhapsc5@cyberchimps.com,Polygender,Tavu,Macedonian,62-3604523,Honorable
439,Elbertina,Worral,eworralc6@behance.net,Agender,Rhyzio,Montenegrin,77-9673034,Mrs
440,Sadye,Liepmann,sliepmannc7@shop-pro.jp,Polygender,Realfire,Hebrew,03-5081368,Ms
441,Osmund,Staziker,ostazikerc8@paginegialle.it,Polygender,Oyoloo,Albanian,37-5971019,Mr
442,Tricia,Arter,tarterc9@independent.co.uk,Polygender,Mita,Assamese,29-1958445,Ms
443,Tyrone,Surman,tsurmanca@imgur.com,Genderfluid,Kazu,Aymara,48-1794369,Ms
444,Otto,Henriet,ohenrietcb@google.de,Genderfluid,Fiveclub,Ndebele,31-0449538,Honorable
445,Calley,Obell,cobellcc@yahoo.co.jp,Genderfluid,Edgeblab,Tok Pisin,81-8531057,Mr
446,Ursula,Martineau,umartineaucd@whitehouse.gov,Female,Realcube,Gagauz,18-2677581,Mr
447,Hillier,Mitford,hmitfordce@reuters.com,Bigender,Twitterwire,Malay,41-1224569,Dr
448,Darelle,Southerns,dsouthernscf@ed.gov,Polygender,Jatri,Assamese,51-9776973,Mr
449,Raphaela,Downe,rdownecg@ted.com,Genderqueer,Kwimbee,Papiamento,48-1071393,Honorable
450,Osbert,Harvison,oharvisonch@uiuc.edu,Male,Twitterwire,Quechua,64-5858840,Ms
451,Darcy,Vallis,dvallisci@altervista.org,Male,Skivee,Nepali,73-6255155,Dr
452,Reinald,Chesterfield,rchesterfieldcj@gnu.org,Polygender,Devpoint,Bengali,25-1620540,Mr
453,Brit,Shalcros,bshalcrosck@wiley.com,Male,Teklist,French,17-4590036,Mrs
454,Dannie,Riccelli,driccellicl@unesco.org,Polygender,Feedbug,Italian,78-9970464,Rev
455,Tara,Goodwins,tgoodwinscm@flavors.me,Bigender,Blogspan,Latvian,51-6797091,Rev
456,Sharyl,Stolberg,sstolbergcn@opera.com,Bigender,Katz,Czech,46-1377408,Ms
457,Scotty,Joselovitch,sjoselovitchco@delicious.com,Bigender,Devify,Gagauz,81-3032579,Mrs
458,Lyman,Titterington,ltitteringtoncp@naver.com,Non-binary,Browsedrive,Quechua,25-1861429,Mrs
459,Erena,Esson,eessoncq@360.cn,Genderfluid,Zoomzone,Croatian,74-8676660,Honorable
460,Tootsie,Minshull,tminshullcr@purevolume.com,Bigender,Kaymbo,Hindi,50-2063450,Dr
461,Leslie,Duding,ldudingcs@hatena.ne.jp,Female,Centimia,Montenegrin,74-4805872,Rev
462,Claudette,Utridge,cutridgect@elpais.com,Male,Zooveo,Persian,89-2842108,Mr
463,Flemming,Lile,flilecu@sciencedaily.com,Male,Blogspan,Italian,75-6806852,Ms
464,Lyndy,Wensley,lwensleycv@si.edu,Non-binary,Voonix,Korean,36-7583835,Mr
465,Fritz,Padmore,fpadmorecw@angelfire.com,Genderqueer,Yodel,Kyrgyz,26-9272511,Mrs
466,Massimiliano,Haywood,mhaywoodcx@photobucket.com,Genderqueer,Voolia,Luxembourgish,41-2883639,Rev
467,Sallie,Risom,srisomcy@spiegel.de,Female,Blogtags,Somali,33-2995993,Ms
468,Tyson,Presnell,tpresnellcz@macromedia.com,Female,Riffpath,Nepali,46-9749538,Mr
469,Shanda,Backen,sbackend0@ox.ac.uk,Genderfluid,Zoozzy,Pashto,71-6450085,Mrs
470,Brewer,Jencken,bjenckend1@photobucket.com,Polygender,Fliptune,Estonian,32-8244946,Mr
471,Derrek,Horsley,dhorsleyd2@google.com,Genderfluid,Flashset,Guaraní,61-3788098,Dr
472,Collette,Habbijam,chabbijamd3@taobao.com,Genderfluid,Devify,Kannada,84-1724893,Mrs
473,Ransom,Haycraft,rhaycraftd4@networkadvertising.org,Non-binary,Cogilith,Dari,62-5488627,Honorable
474,Jandy,Boylin,jboylind5@hubpages.com,Genderfluid,Skyndu,Armenian,61-3841992,Honorable
475,Maybelle,Cornejo,mcornejod6@example.com,Bigender,Einti,Hindi,66-0832265,Dr
476,Dulciana,Gatward,dgatwardd7@sitemeter.com,Polygender,Gevee,German,08-8315206,Mr
477,Ianthe,Noye,inoyed8@jigsy.com,Agender,Browsedrive,Armenian,82-8079403,Dr
478,Kim,Gregolin,kgregolind9@netlog.com,Agender,Dablist,Armenian,37-3191825,Mr
479,Godfrey,Eymor,geymorda@accuweather.com,Polygender,Edgeclub,Azeri,68-5440089,Ms
480,Gigi,Ubsdell,gubsdelldb@freewebs.com,Male,Jayo,Gujarati,64-8570601,Mr
481,Rriocard,Johnsson,rjohnssondc@chron.com,Female,Eabox,Swedish,53-4679274,Honorable
482,Alexina,Chomiszewski,achomiszewskidd@uol.com.br,Non-binary,Meejo,German,82-3967216,Mrs
483,Gloriane,Eckhard,geckhardde@cocolog-nifty.com,Genderqueer,Voonder,Yiddish,72-7657071,Rev
484,Lucia,Aggus,laggusdf@alibaba.com,Male,Yombu,Ndebele,91-1988530,Mr
485,Itch,Lesurf,ilesurfdg@un.org,Non-binary,Linklinks,Amharic,17-2531868,Ms
486,Loren,Blunsden,lblunsdendh@cdc.gov,Polygender,Ainyx,Czech,21-0242509,Honorable
487,Conrad,Taffs,ctaffsdi@yale.edu,Male,Dynabox,Thai,74-5450616,Rev
488,Sally,Morriss,smorrissdj@trellian.com,Female,Dynabox,Romanian,26-0952580,Mr
489,Saloma,Lockart,slockartdk@abc.net.au,Bigender,Innotype,Dzongkha,08-0680975,Honorable
490,Hirsch,Girhard,hgirharddl@census.gov,Female,Meevee,Albanian,92-8853903,Ms
491,Lacey,Bartlam,lbartlamdm@istockphoto.com,Non-binary,Yamia,Kyrgyz,91-7297621,Mr
492,Adriena,O'Canavan,aocanavandn@alexa.com,Polygender,Yodo,French,26-0569570,Dr
493,Garold,Szymoni,gszymonido@shareasale.com,Female,Realblab,Azeri,71-3715566,Mr
494,Sela,Arsey,sarseydp@live.com,Genderfluid,Podcat,Spanish,63-4960581,Dr
495,Kameko,Bullier,kbullierdq@mayoclinic.com,Bigender,Rhyloo,Bulgarian,60-1320055,Honorable
496,Hadrian,McDell,hmcdelldr@bizjournals.com,Genderfluid,Topdrive,Punjabi,80-0488747,Ms
497,Beverley,Widdop,bwiddopds@reddit.com,Polygender,Wordtune,Zulu,50-0365668,Ms
498,Northrup,Gino,nginodt@usa.gov,Non-binary,Shuffletag,Bengali,09-3686570,Mr
499,Holli,Klimt,hklimtdu@theatlantic.com,Female,Zoovu,Nepali,39-4525221,Mr
500,Carola,Cullington,ccullingtondv@wix.com,Bigender,Buzzshare,Polish,14-3452995,Rev
501,Michaela,Gobeau,mgobeaudw@geocities.com,Genderfluid,Tazzy,Papiamento,98-2047705,Ms
502,Regine,Von Der Empten,rvonderemptendx@tuttocitta.it,Agender,Devbug,Amharic,49-7416035,Mrs
503,Kore,Adolfsen,kadolfsendy@jiathis.com,Bigender,Meetz,Portuguese,86-9982444,Rev
504,Rodger,Samart,rsamartdz@yahoo.co.jp,Polygender,Skyble,Kazakh,95-5726360,Dr
505,Sigismundo,MacKaig,smackaige0@adobe.com,Bigender,Thoughtbeat,Italian,75-0830064,Ms
506,Waverley,McGilvray,wmcgilvraye1@goo.ne.jp,Agender,Nlounge,Swahili,76-7859717,Mr
507,Elise,Linke,elinkee2@intel.com,Non-binary,Twinder,Moldovan,58-8252505,Ms
508,Walden,Bogace,wbogacee3@youtu.be,Female,Dabfeed,Lao,78-7314025,Mr
509,Courtnay,Hamlen,chamlene4@theglobeandmail.com,Female,Riffpedia,Dhivehi,43-7319961,Rev
510,Ludwig,Rey,lreye5@tamu.edu,Polygender,Edgeclub,Hiri Motu,45-2171659,Mrs
511,Meggie,Stoile,mstoilee6@smugmug.com,Male,Riffpath,Estonian,24-7661608,Mrs
512,Celestina,Hagley,chagleye7@shareasale.com,Female,Kwinu,Belarusian,24-3532368,Dr
513,Claudette,Farlham,cfarlhame8@amazon.co.jp,Non-binary,Trudeo,Danish,90-8127688,Honorable
514,Skipton,Thelwll,sthelwlle9@bbb.org,Genderfluid,Voolith,Armenian,06-1911886,Mr
515,Kira,Bouda,kboudaea@netvibes.com,Non-binary,Tagfeed,Punjabi,61-9732471,Mr
516,Maje,Mundall,mmundalleb@prweb.com,Agender,Rooxo,Tetum,88-5128296,Mrs
517,Libby,Ferminger,lfermingerec@dedecms.com,Genderqueer,Youtags,Tsonga,89-5202096,Honorable
518,Raynell,Gouldstone,rgouldstoneed@boston.com,Agender,BlogXS,Korean,80-1429980,Honorable
519,Ninnette,Askem,naskemee@house.gov,Female,Photobean,Croatian,21-7321552,Rev
520,Katlin,Dominy,kdominyef@vinaora.com,Agender,Camido,Irish Gaelic,54-1691974,Ms
521,Wallas,Solleme,wsollemeeg@answers.com,Agender,Edgepulse,Armenian,19-0462159,Honorable
522,Kristy,Carletto,kcarlettoeh@salon.com,Male,Centizu,Belarusian,97-2853877,Dr
523,Phip,Adamowicz,padamowiczei@hc360.com,Agender,Yamia,Malayalam,76-8519650,Mrs
524,Paolina,Crudge,pcrudgeej@huffingtonpost.com,Genderfluid,Feedspan,Fijian,91-5258688,Mr
525,Lyndell,Hunnaball,lhunnaballek@ning.com,Non-binary,Npath,Luxembourgish,11-4579449,Ms
526,Annamaria,Connew,aconnewel@youtube.com,Genderfluid,LiveZ,Kurdish,52-7691629,Dr
527,Ban,Chapelhow,bchapelhowem@clickbank.net,Bigender,Zoonoodle,Chinese,44-0787527,Mr
528,Glynn,Crewdson,gcrewdsonen@ask.com,Genderqueer,Eazzy,Armenian,47-8784286,Mr
529,Alysa,Pantin,apantineo@si.edu,Polygender,Gigabox,Dutch,15-3177191,Honorable
530,Ruddy,Klimp,rklimpep@buzzfeed.com,Genderqueer,Livepath,Malayalam,20-6177460,Honorable
531,Mahala,Leyzell,mleyzelleq@wp.com,Polygender,Youspan,Armenian,66-0045679,Rev
532,Fairlie,Brunker,fbrunkerer@dropbox.com,Male,Eabox,Afrikaans,99-5509306,Mrs
533,Gwendolin,Ferrone,gferronees@si.edu,Genderfluid,Trilith,Mongolian,39-6196151,Rev
534,Tonya,Pautard,tpautardet@nih.gov,Genderqueer,Shufflebeat,Icelandic,29-0510849,Rev
535,Batsheva,De Witt,bdewitteu@newsvine.com,Genderqueer,Vinder,Tsonga,84-1561478,Mrs
536,Sula,Lankham,slankhamev@dmoz.org,Genderfluid,Thoughtstorm,Burmese,09-8852673,Mrs
537,Howard,Bog,hbogew@lycos.com,Male,Eidel,Lithuanian,83-1755073,Honorable
538,Jesse,Bagnal,jbagnalex@pen.io,Agender,Innotype,Dhivehi,45-3855380,Rev
539,Aristotle,Saladino,asaladinoey@webnode.com,Genderfluid,Zooveo,Papiamento,56-5621819,Rev
540,Lucinda,Crat,lcratez@ftc.gov,Genderfluid,Cogibox,Burmese,89-1337915,Ms
541,Sheryl,Holston,sholstonf0@altervista.org,Non-binary,Skajo,Swedish,68-0471802,Mr
542,Art,Rawdales,arawdalesf1@paginegialle.it,Non-binary,Youbridge,Azeri,92-5679232,Mr
543,Izak,Ffoulkes,iffoulkesf2@flickr.com,Bigender,Digitube,Gagauz,69-7699439,Mr
544,Leonora,de Bullion,ldebullionf3@xrea.com,Female,Yambee,Greek,34-4039939,Mrs
545,Rhonda,Sherel,rsherelf4@statcounter.com,Genderqueer,Tanoodle,Armenian,40-2633333,Mr
546,Isabella,Skelcher,iskelcherf5@nsw.gov.au,Polygender,Quinu,Tok Pisin,99-7317568,Rev
547,Saxe,Greenhow,sgreenhowf6@weather.com,Female,Npath,Lao,25-8594288,Dr
548,Mal,Doag,mdoagf7@ftc.gov,Genderqueer,Twiyo,Arabic,10-7850586,Rev
549,Virginia,Brangan,vbranganf8@google.it,Female,Brainsphere,West Frisian,45-7086428,Mr
550,Tammara,Syder,tsyderf9@latimes.com,Polygender,Zoomzone,Estonian,56-0946541,Mrs
551,Dillie,Mallinar,dmallinarfa@hibu.com,Polygender,Wordify,New Zealand Sign Language,92-8505626,Mrs
552,Jeffry,Goldsack,jgoldsackfb@stumbleupon.com,Genderqueer,Blogpad,Macedonian,93-7960168,Rev
553,Dyna,Umbert,dumbertfc@reuters.com,Agender,Rhynyx,Kazakh,98-1559363,Honorable
554,Rubina,Dullaghan,rdullaghanfd@ehow.com,Polygender,Quatz,Nepali,38-1216567,Honorable
555,Meridel,Yoxall,myoxallfe@taobao.com,Genderqueer,Thoughtbridge,Macedonian,77-4686781,Dr
556,Edgar,Eccleston,eecclestonff@homestead.com,Polygender,Meejo,Japanese,09-6304477,Honorable
557,Rayner,Coulman,rcoulmanfg@sciencedirect.com,Bigender,Yodoo,Italian,83-7593618,Mrs
558,Patrica,Le Barr,plebarrfh@blogger.com,Genderqueer,Tagcat,Maltese,41-2990738,Rev
559,Zorine,Staton,zstatonfi@usgs.gov,Genderqueer,Quamba,Assamese,74-9896392,Mr
560,Micheil,Fairs,mfairsfj@51.la,Female,Rooxo,Japanese,16-0701624,Dr
561,Thornton,Issacof,tissacoffk@issuu.com,Genderqueer,Thoughtsphere,Guaraní,71-1892662,Dr
562,Vincent,Klimentov,vklimentovfl@google.com,Agender,Innojam,Dzongkha,08-4450873,Rev
563,Wang,Hatry,whatryfm@exblog.jp,Male,Skilith,Lithuanian,52-4316040,Mrs
564,Lotty,McKeever,lmckeeverfn@sphinn.com,Female,Gabtype,Polish,66-7224808,Rev
565,Tony,Caudle,tcaudlefo@ca.gov,Genderfluid,Zoozzy,Sotho,56-3454818,Mrs
566,Cristina,Robken,crobkenfp@mozilla.com,Bigender,Voolith,Malagasy,43-6446514,Ms
567,Augie,Iacovacci,aiacovaccifq@instagram.com,Agender,Skipfire,Lithuanian,58-7253126,Dr
568,Danit,Extal,dextalfr@psu.edu,Genderqueer,Minyx,Nepali,44-4865740,Mrs
569,Darrel,Kures,dkuresfs@dailymotion.com,Male,Thoughtblab,Quechua,22-7861792,Rev
570,Flo,Jans,fjansft@ameblo.jp,Genderqueer,Trudeo,Assamese,15-8094010,Dr
571,Darrell,Van Bruggen,dvanbruggenfu@icio.us,Female,Mydeo,Finnish,86-0160930,Mr
572,Cathrine,De Zuani,cdezuanifv@ning.com,Genderfluid,Devbug,Hiri Motu,32-1428979,Dr
573,Davidde,Bice,dbicefw@multiply.com,Bigender,Eazzy,Mongolian,32-4750583,Mr
574,Emmie,Houten,ehoutenfx@4shared.com,Genderqueer,Jaxnation,Bengali,73-9703121,Mrs
575,Gerti,Huonic,ghuonicfy@dropbox.com,Agender,Feedbug,Somali,35-1403100,Ms
576,Tamas,Gotch,tgotchfz@chronoengine.com,Male,Kamba,Albanian,94-0383735,Mrs
577,Natala,Podmore,npodmoreg0@mac.com,Male,Kamba,New Zealand Sign Language,65-4764944,Honorable
578,Martita,Weildish,mweildishg1@mozilla.org,Genderfluid,Devpulse,Greek,09-0324061,Rev
579,Gratia,Bottleson,gbottlesong2@cnbc.com,Non-binary,Thoughtbridge,Bengali,07-2587614,Mr
580,Cyndi,Casey,ccaseyg3@howstuffworks.com,Non-binary,Plajo,Finnish,05-7949106,Mr
581,Tania,Week,tweekg4@aol.com,Bigender,Topicstorm,Japanese,79-4698636,Mrs
582,Aridatha,Birchwood,abirchwoodg5@yale.edu,Agender,Trudoo,Czech,24-3865970,Honorable
583,Germaine,Vedekhov,gvedekhovg6@opensource.org,Bigender,Tazz,Swedish,79-6983295,Rev
584,Gerome,Summerley,gsummerleyg7@fema.gov,Agender,Oyoloo,Finnish,72-7491008,Mrs
585,Dahlia,Reames,dreamesg8@wp.com,Genderqueer,Yotz,Haitian Creole,42-1336836,Ms
586,Wilmer,Le Houx,wlehouxg9@e-recht24.de,Female,Plajo,Yiddish,18-2717837,Mr
587,Agatha,Stable,astablega@addthis.com,Agender,Voonder,Bulgarian,21-4607757,Dr
588,Lise,Andrassy,landrassygb@dailymail.co.uk,Male,Wikizz,Telugu,11-2484827,Mrs
589,Carmelia,Impleton,cimpletongc@epa.gov,Bigender,Tagtune,Azeri,86-9676375,Mr
590,Link,Moxson,lmoxsongd@cnet.com,Female,Jabbercube,German,24-1666141,Rev
591,Clotilda,Sturman,csturmange@zimbio.com,Polygender,Yadel,Telugu,18-4612312,Mrs
592,Maryanna,Fesby,mfesbygf@histats.com,Male,Mynte,Quechua,87-2901282,Dr
593,Pauli,Sharnock,psharnockgg@twitpic.com,Female,Yacero,Pashto,58-5235991,Mr
594,Viviene,Cescoti,vcescotigh@tinyurl.com,Genderqueer,Devshare,Somali,67-2712021,Honorable
595,Obidiah,Malimoe,omalimoegi@mysql.com,Genderfluid,Riffwire,Azeri,93-4867400,Honorable
596,Penelopa,Telega,ptelegagj@reference.com,Genderqueer,Topicstorm,Croatian,28-8281282,Rev
597,Germayne,Lukesch,glukeschgk@diigo.com,Non-binary,Kayveo,Dutch,12-9983071,Mr
598,Onfre,Spelwood,ospelwoodgl@jigsy.com,Female,Feedspan,Polish,36-3855253,Dr
599,Maggie,Manie,mmaniegm@hostgator.com,Genderqueer,Aibox,Belarusian,32-5362179,Ms
600,Grange,Souten,gsoutengn@salon.com,Male,Trilia,French,80-0962238,Mr
601,Wallache,Boaler,wboalergo@google.com,Polygender,Oozz,Bulgarian,23-4397705,Ms
602,Gallard,Daftor,gdaftorgp@noaa.gov,Polygender,Topiclounge,Kurdish,13-7344604,Honorable
603,Lauri,Knightsbridge,lknightsbridgegq@fema.gov,Non-binary,Eadel,Finnish,20-4040194,Rev
604,Oates,Dowdle,odowdlegr@amazonaws.com,Genderfluid,Meembee,Sotho,65-9580947,Mrs
605,Gianina,Morfield,gmorfieldgs@jugem.jp,Non-binary,Youfeed,Malayalam,64-3983327,Honorable
606,Marne,Englefield,menglefieldgt@icq.com,Agender,Rooxo,Telugu,55-5624340,Rev
607,Sibelle,Fisby,sfisbygu@ft.com,Polygender,Divavu,Armenian,79-2603930,Ms
608,Mahalia,Kilner,mkilnergv@ft.com,Female,Teklist,Spanish,97-3504938,Honorable
609,Lewiss,Raisbeck,lraisbeckgw@wix.com,Bigender,Centizu,Catalan,05-1120339,Ms
610,Norris,Gayton,ngaytongx@google.ca,Genderfluid,Quamba,Ndebele,04-9780063,Mr
611,Padgett,Python,ppythongy@chicagotribune.com,Genderqueer,Browsetype,Croatian,16-0147101,Ms
612,Reinhard,McParland,rmcparlandgz@microsoft.com,Non-binary,Divape,Polish,27-7957648,Ms
613,Serge,Vardon,svardonh0@biblegateway.com,Agender,Realbridge,Chinese,68-5545966,Rev
614,Gladi,Hext,ghexth1@addthis.com,Non-binary,Kazio,Somali,34-2309107,Mr
615,Zelma,Bergin,zberginh2@usatoday.com,Non-binary,Eamia,Armenian,57-3790074,Dr
616,Jsandye,Fulker,jfulkerh3@booking.com,Male,Talane,Quechua,87-9906753,Rev
617,Ervin,Scholar,escholarh4@yandex.ru,Genderfluid,Blogpad,Filipino,40-2536233,Honorable
618,Kelsy,Blenkinsopp,kblenkinsopph5@usa.gov,Agender,Zoonoodle,Persian,14-8078909,Honorable
619,Web,Hunn,whunnh6@apple.com,Female,Zoonder,Yiddish,84-8258759,Dr
620,Dory,Beswick,dbeswickh7@com.com,Bigender,Rooxo,Albanian,40-9386625,Mr
621,Berenice,Smethurst,bsmethursth8@elpais.com,Female,Quamba,Hiri Motu,81-2864142,Rev
622,Gerri,Fluck,gfluckh9@slate.com,Bigender,Realpoint,Greek,65-1052367,Rev
623,Devonne,Shortland,dshortlandha@live.com,Female,Bubblebox,Tetum,75-2316512,Mr
624,Lishe,Veschambre,lveschambrehb@t-online.de,Agender,Photobean,Yiddish,92-3853036,Mrs
625,Nomi,Harraway,nharrawayhc@google.fr,Genderfluid,Dynazzy,Kashmiri,26-8899101,Mrs
626,Harmonie,Deinhard,hdeinhardhd@quantcast.com,Male,Yotz,Tok Pisin,44-0615439,Dr
627,Grace,Slimon,gslimonhe@engadget.com,Genderqueer,Feednation,Mongolian,33-3231861,Ms
628,Sherwynd,MacRannell,smacrannellhf@buzzfeed.com,Genderqueer,Twitterwire,Malagasy,79-6378083,Dr
629,Karin,Paxforde,kpaxfordehg@umich.edu,Genderqueer,Twitterbridge,Danish,73-0074181,Ms
630,Dasi,Bowlas,dbowlashh@hugedomains.com,Polygender,Zoomdog,Ndebele,46-3749047,Ms
631,Hagan,Robeson,hrobesonhi@desdev.cn,Female,Jamia,Bislama,45-7990826,Ms
632,Duke,Quartermaine,dquartermainehj@devhub.com,Non-binary,Photobean,Northern Sotho,32-8992883,Mr
633,Marcos,Broe,mbroehk@digg.com,Genderqueer,Eimbee,Amharic,03-8090528,Honorable
634,Berti,Burnand,bburnandhl@networkadvertising.org,Genderfluid,Zoonoodle,Maltese,08-6238095,Mr
635,Mavra,Smedley,msmedleyhm@ca.gov,Genderqueer,Avavee,Tswana,94-9208689,Ms
636,Doug,Tommen,dtommenhn@google.nl,Non-binary,Kayveo,Portuguese,92-5402092,Rev
637,Rowland,Koppeck,rkoppeckho@networkadvertising.org,Polygender,Browsedrive,Icelandic,08-4677923,Ms
638,Rosina,Buss,rbusshp@bravesites.com,Female,Jabberstorm,Dzongkha,12-7999284,Honorable
639,Reuben,Lafontaine,rlafontainehq@gravatar.com,Non-binary,Browseblab,Dhivehi,69-7102343,Dr
640,Ennis,Ellerton,eellertonhr@desdev.cn,Agender,Quinu,Maltese,94-8766140,Ms
641,Reinhard,Mallalieu,rmallalieuhs@canalblog.com,Genderqueer,Fiveclub,Montenegrin,27-7987079,Ms
642,Ferdie,Ellacombe,fellacombeht@dailymotion.com,Polygender,Yakijo,Ndebele,12-5452215,Dr
643,Engelbert,Goldthorpe,egoldthorpehu@naver.com,Genderqueer,Skippad,Moldovan,71-2537066,Dr
644,Beckie,Andren,bandrenhv@toplist.cz,Female,Buzzbean,Bulgarian,94-9787192,Rev
645,Patrice,Pritchett,ppritchetthw@sphinn.com,Non-binary,Zoomcast,Irish Gaelic,96-4341130,Ms
646,Milena,Gauson,mgausonhx@sitemeter.com,Non-binary,Skinder,Hiri Motu,20-4378069,Dr
647,Chariot,Geeson,cgeesonhy@over-blog.com,Genderqueer,Photobean,Macedonian,12-7259745,Ms
648,Lindsy,Annets,lannetshz@bluehost.com,Genderfluid,Skilith,Filipino,31-4953402,Mr
649,Leesa,Kolinsky,lkolinskyi0@blogs.com,Genderqueer,Mydo,Luxembourgish,43-6255959,Honorable
650,Valenka,Goldberg,vgoldbergi1@hao123.com,Male,Twinte,Swedish,09-1866016,Dr
651,Mada,Hanmore,mhanmorei2@nifty.com,Non-binary,Trunyx,Norwegian,80-2531203,Ms
652,Marnie,Klagge,mklaggei3@europa.eu,Polygender,Zoombeat,Malay,75-7429558,Dr
653,Josy,St Louis,jstlouisi4@columbia.edu,Agender,Aivee,Afrikaans,28-2062077,Rev
654,Daisi,Causer,dcauseri5@youtu.be,Genderqueer,Devbug,Amharic,34-4570398,Mrs
655,Cal,Pawlyn,cpawlyni6@networksolutions.com,Polygender,Livetube,Yiddish,68-4798302,Ms
656,Clemens,Gartsyde,cgartsydei7@jiathis.com,Agender,Eazzy,Danish,69-5791401,Mrs
657,Annalise,MacChaell,amacchaelli8@mapquest.com,Male,Geba,Luxembourgish,42-4563891,Mrs
658,Lonna,Ambrogi,lambrogii9@reddit.com,Bigender,Jaxnation,Montenegrin,06-5912522,Mr
659,Bryon,Tithacott,btithacottia@nationalgeographic.com,Bigender,Skajo,Bulgarian,97-4895612,Ms
660,Isadora,Aylwin,iaylwinib@rakuten.co.jp,Male,Feednation,Sotho,13-6828178,Ms
661,Adria,Rean,areanic@cyberchimps.com,Genderqueer,Livetube,Nepali,97-5576767,Mr
662,Cathee,Benoist,cbenoistid@squarespace.com,Non-binary,Gabcube,Tamil,24-8815234,Ms
663,Nicole,Jamary,njamaryie@myspace.com,Female,Zoonder,Japanese,37-9637038,Mr
664,Bambie,Bailes,bbailesif@hud.gov,Bigender,Gigabox,Korean,24-9022895,Mrs
665,Madeleine,Dallender,mdallenderig@vinaora.com,Female,Fiveclub,Fijian,55-4254356,Mrs
666,Olenolin,Ballingal,oballingalih@free.fr,Bigender,Oozz,Arabic,81-9274008,Mr
667,Adelind,Bycraft,abycraftii@lycos.com,Genderfluid,Skinte,Tsonga,88-1354548,Ms
668,Lars,Finlater,lfinlaterij@harvard.edu,Polygender,Flashspan,Polish,05-6655274,Mr
669,Abbi,Strathern,astrathernik@scribd.com,Polygender,Voomm,Dhivehi,80-9506142,Ms
670,Josey,Scaife,jscaifeil@blogtalkradio.com,Genderqueer,Tagtune,Lithuanian,17-7168071,Mrs
671,Yul,Norwich,ynorwichim@fda.gov,Genderfluid,Voomm,Amharic,93-9301312,Mr
672,Ambrosius,Monday,amondayin@pinterest.com,Polygender,Rhynyx,Mongolian,65-7931787,Ms
673,Kristi,Matteoli,kmatteoliio@devhub.com,Male,Tazz,Swedish,22-6879738,Rev
674,Jemmie,Murrill,jmurrillip@newsvine.com,Genderqueer,Photospace,Fijian,85-6887151,Dr
675,Papageno,Rupert,prupertiq@marketwatch.com,Genderqueer,Riffpath,Polish,56-9021865,Honorable
676,Jilli,Jude,jjudeir@sphinn.com,Non-binary,Meevee,Kazakh,61-3936410,Dr
677,Brigid,Godsal,bgodsalis@baidu.com,Agender,Edgepulse,Tajik,21-9629085,Mr
678,Veronika,Angrock,vangrockit@cloudflare.com,Genderfluid,Demizz,Catalan,51-9971150,Rev
679,Lewiss,Wegenen,lwegeneniu@tinyurl.com,Non-binary,Yodoo,Chinese,74-7079900,Honorable
680,Waiter,Tindle,wtindleiv@shop-pro.jp,Genderqueer,Skimia,Montenegrin,72-3266305,Ms
681,Scotty,Tebbitt,stebbittiw@engadget.com,Agender,Skivee,Hiri Motu,10-6267451,Ms
682,Alethea,Kells,akellsix@soup.io,Female,Voomm,West Frisian,77-0720150,Mrs
683,Hendrika,Lillie,hlillieiy@spotify.com,Bigender,Riffwire,Haitian Creole,31-6126097,Ms
684,Raine,Greenly,rgreenlyiz@unicef.org,Female,Flipbug,Marathi,06-0465177,Ms
685,Flory,Foyston,ffoystonj0@unicef.org,Male,Oyope,Chinese,02-0219292,Ms
686,Benn,Lawlings,blawlingsj1@technorati.com,Female,Topicblab,Arabic,46-1703839,Dr
687,Erin,Stobbs,estobbsj2@ebay.co.uk,Agender,Livetube,Croatian,50-7609112,Mrs
688,Danyette,Bendall,dbendallj3@rambler.ru,Bigender,Oyoyo,Persian,66-8598850,Rev
689,Janina,Beagin,jbeaginj4@cargocollective.com,Non-binary,Roodel,Oriya,76-3979535,Rev
690,Mandi,Darwood,mdarwoodj5@house.gov,Bigender,Zoonder,Maltese,54-0981901,Dr
691,Bent,Ferre,bferrej6@deviantart.com,Agender,Skyvu,Dzongkha,38-8580950,Honorable
692,Dino,Braham,dbrahamj7@msu.edu,Bigender,Katz,Guaraní,16-0222286,Honorable
693,Gilberta,McIntosh,gmcintoshj8@usatoday.com,Male,Devify,Kurdish,45-8518959,Mrs
694,Cad,Letham,clethamj9@imdb.com,Genderfluid,Bluezoom,Czech,00-5237734,Ms
695,Chrisy,Schlagtmans,cschlagtmansja@dailymail.co.uk,Female,Linkbuzz,Bulgarian,99-9248952,Honorable
696,Corrina,Danter,cdanterjb@topsy.com,Bigender,Tagopia,Greek,07-7803243,Dr
697,Esta,Whisson,ewhissonjc@purevolume.com,Genderfluid,Chatterbridge,Icelandic,46-3504808,Mr
698,Emmaline,Churching,echurchingjd@ustream.tv,Agender,Skipfire,Indonesian,20-3068521,Mr
699,Gerardo,Candwell,gcandwellje@huffingtonpost.com,Genderfluid,Avaveo,Haitian Creole,70-2529313,Mrs
700,Emmit,Zecchini,ezecchinijf@yandex.ru,Genderqueer,Livetube,German,57-8338228,Mr
701,Amye,Crozier,acrozierjg@chron.com,Genderfluid,Eayo,Catalan,43-7757823,Mr
702,Thorpe,Olliar,tolliarjh@webeden.co.uk,Genderfluid,Pixoboo,Icelandic,72-2150951,Honorable
703,Gian,Feeny,gfeenyji@naver.com,Genderfluid,Babbleopia,Telugu,00-0751854,Mr
704,Ezra,Staite,estaitejj@netscape.com,Female,Trudeo,Kannada,55-5462413,Dr
705,Elwira,MacClure,emacclurejk@g.co,Female,Skaboo,Mongolian,19-9898030,Ms
706,Dukie,Searight,dsearightjl@oracle.com,Genderqueer,Chatterbridge,Polish,47-3939988,Dr
707,Eloisa,Reddick,ereddickjm@networksolutions.com,Bigender,Mycat,Czech,70-4550395,Honorable
708,Scott,Harfoot,sharfootjn@timesonline.co.uk,Non-binary,Jabbertype,Estonian,21-8411502,Dr
709,Consuela,Pilmore,cpilmorejo@cnbc.com,Agender,Reallinks,Polish,95-8025410,Ms
710,Edgardo,O'Mullaney,eomullaneyjp@smh.com.au,Non-binary,Browseblab,Tswana,91-1730338,Dr
711,Fawnia,Giannini,fgianninijq@zimbio.com,Agender,Avamm,Finnish,90-1738373,Rev
712,Zitella,Boath,zboathjr@nymag.com,Bigender,Wordpedia,Greek,89-3182430,Rev
713,Gualterio,Casarini,gcasarinijs@odnoklassniki.ru,Bigender,Wordware,Tajik,81-6929600,Mr
714,Henderson,Heads,hheadsjt@discuz.net,Genderfluid,Kaymbo,Tok Pisin,39-1805921,Mrs
715,Frederick,Rye,fryeju@constantcontact.com,Non-binary,Topicblab,Dhivehi,92-5759075,Rev
716,North,Quinn,nquinnjv@netvibes.com,Polygender,Quire,Catalan,10-9494565,Dr
717,Mayne,D'Onise,mdonisejw@twitter.com,Female,Blogtags,Norwegian,59-1122319,Rev
718,Liliane,Readhead,lreadheadjx@tuttocitta.it,Agender,Yoveo,Latvian,31-2805796,Ms
719,Elsy,Purtell,epurtelljy@reference.com,Polygender,Ozu,Quechua,95-6783852,Rev
720,Hector,Flewitt,hflewittjz@army.mil,Genderfluid,Ainyx,Czech,27-3092216,Mr
721,Creigh,Tuckwell,ctuckwellk0@bandcamp.com,Genderfluid,Podcat,Sotho,41-0413627,Rev
722,Feodora,Glyssanne,fglyssannek1@t-online.de,Male,Aimbu,Marathi,23-8752025,Mrs
723,Ursa,Cornforth,ucornforthk2@house.gov,Male,Eadel,Hungarian,11-2466587,Rev
724,Major,Conner,mconnerk3@purevolume.com,Male,Mymm,Hindi,10-7925690,Rev
725,Ede,Duffitt,eduffittk4@weibo.com,Agender,Reallinks,Telugu,94-6320539,Dr
726,Dru,Leaning,dleaningk5@bbc.co.uk,Polygender,Jazzy,Belarusian,47-8343986,Honorable
727,Anatol,Davy,adavyk6@buzzfeed.com,Non-binary,Twitterwire,French,07-0269405,Dr
728,Gnni,Lawly,glawlyk7@europa.eu,Female,Wordpedia,Filipino,37-2965755,Honorable
729,Ulrikaumeko,Lowensohn,ulowensohnk8@google.com,Genderfluid,Yotz,Guaraní,80-9590575,Mr
730,Donavon,Petchey,dpetcheyk9@seesaa.net,Genderqueer,Skimia,Spanish,38-7237534,Mr
731,Rafe,Jephcote,rjephcoteka@com.com,Female,Bubblebox,Montenegrin,08-9719204,Ms
732,Patsy,Jakubowicz,pjakubowiczkb@archive.org,Male,Meemm,Catalan,24-8884534,Rev
733,Levi,Hagan,lhagankc@twitter.com,Female,Meeveo,Hindi,90-4420076,Ms
734,Atlanta,Kennard,akennardkd@devhub.com,Non-binary,Devpoint,Kashmiri,63-8125448,Rev
735,Marylou,Stutte,mstutteke@nbcnews.com,Agender,Dynabox,Japanese,15-6328742,Honorable
736,Angus,Francesco,afrancescokf@wiley.com,Female,Brainsphere,Malayalam,06-1783766,Ms
737,Dianemarie,Buncom,dbuncomkg@prnewswire.com,Male,Jatri,Tok Pisin,73-7840142,Dr
738,Janice,Lilbourne,jlilbournekh@cdc.gov,Genderfluid,Eidel,Azeri,83-2612919,Honorable
739,Lillian,Hazelby,lhazelbyki@telegraph.co.uk,Polygender,Gigashots,Armenian,70-6033873,Mr
740,Ian,Runciman,iruncimankj@cargocollective.com,Agender,Voonder,Lithuanian,26-4787211,Ms
741,Marianna,Tabram,mtabramkk@mac.com,Female,Kanoodle,Lao,99-0086795,Rev
742,Tobit,Wymer,twymerkl@free.fr,Non-binary,Quinu,Malay,08-3449841,Ms
743,Hernando,Osgordby,hosgordbykm@nps.gov,Polygender,Shufflester,Bosnian,22-3085337,Dr
744,Chiquia,Christene,cchristenekn@dmoz.org,Polygender,Quinu,Icelandic,55-0748860,Dr
745,Hilliard,Thorneloe,hthorneloeko@google.ru,Non-binary,Zoonoodle,Papiamento,30-1672061,Dr
746,Garnette,Owers,gowerskp@zimbio.com,Genderqueer,Mybuzz,Dutch,17-0889903,Rev
747,Brewster,Carpmile,bcarpmilekq@i2i.jp,Female,Abatz,Mongolian,85-2753599,Rev
748,Katerina,Swoffer,kswofferkr@apache.org,Bigender,Ailane,Dzongkha,92-8139342,Rev
749,Lonni,Brussels,lbrusselsks@nbcnews.com,Male,Fivebridge,Lao,17-9776370,Ms
750,Jeniffer,Dadswell,jdadswellkt@cam.ac.uk,Agender,Cogidoo,Moldovan,07-2266146,Rev
751,Laura,Foy,lfoyku@sakura.ne.jp,Female,Meetz,Kurdish,62-4328560,Dr
752,Lisbeth,Gartan,lgartankv@imgur.com,Agender,Twiyo,Pashto,24-4432809,Honorable
753,Reggie,Bodley,rbodleykw@bloglines.com,Polygender,Plajo,Icelandic,51-1466061,Rev
754,Leda,Vasyanin,lvasyaninkx@google.fr,Male,Tagchat,Danish,80-4023241,Rev
755,Gratia,Tink,gtinkky@cbc.ca,Female,Realmix,Fijian,11-8989091,Rev
756,Madel,Benoist,mbenoistkz@jimdo.com,Polygender,Tagtune,Portuguese,95-0563882,Honorable
757,Merle,Plan,mplanl0@latimes.com,Female,Shuffletag,Marathi,96-1802009,Ms
758,Kimmy,Brimicombe,kbrimicombel1@telegraph.co.uk,Male,Buzzdog,Montenegrin,84-1507743,Dr
759,Damaris,Wolpert,dwolpertl2@about.me,Male,Jatri,Arabic,34-9346395,Dr
760,Lizabeth,Lumbly,llumblyl3@eepurl.com,Male,Kazu,Dzongkha,80-5062308,Ms
761,Wenonah,Saile,wsailel4@shinystat.com,Female,Wordware,Māori,60-4249473,Ms
762,Osgood,Custance,ocustancel5@plala.or.jp,Non-binary,Yakidoo,Somali,19-2887765,Mr
763,Costanza,Barnardo,cbarnardol6@google.com.au,Agender,Twitterlist,Croatian,83-0613515,Dr
764,Tabby,Brydell,tbrydelll7@imageshack.us,Polygender,Buzzdog,Belarusian,21-8513962,Ms
765,Earle,Peaple,epeaplel8@4shared.com,Female,Centidel,Kazakh,12-5652747,Honorable
766,Benoit,Neenan,bneenanl9@ning.com,Non-binary,Photolist,Croatian,53-3195332,Rev
767,Kiley,Waddingham,kwaddinghamla@shinystat.com,Genderqueer,Babbleopia,Arabic,54-3116083,Mrs
768,Evania,Will,ewilllb@google.pl,Polygender,Wikizz,Irish Gaelic,86-2495290,Dr
769,Donny,Varvell,dvarvelllc@stanford.edu,Non-binary,Jayo,Bislama,43-4314619,Mrs
770,Alfonse,Kynsey,akynseyld@vimeo.com,Polygender,Yacero,Polish,92-5666801,Ms
771,Dode,Paulsen,dpaulsenle@photobucket.com,Agender,Thoughtsphere,Afrikaans,16-1282909,Honorable
772,Dag,Hunnywell,dhunnywelllf@joomla.org,Non-binary,Browsetype,Assamese,09-2233204,Dr
773,Amalita,Chapple,achapplelg@dmoz.org,Non-binary,Zoonoodle,Maltese,73-2573502,Mrs
774,Elly,Reddings,ereddingslh@gov.uk,Non-binary,Eire,Filipino,87-0210031,Rev
775,Keen,Barge,kbargeli@census.gov,Non-binary,Linkbuzz,Tok Pisin,49-7117336,Honorable
776,Desdemona,Vondra,dvondralj@fema.gov,Genderfluid,Zoombox,Telugu,60-4937890,Mrs
777,Jandy,Papierz,jpapierzlk@intel.com,Male,Yakidoo,Khmer,41-1855884,Dr
778,Elga,Rouff,erouffll@feedburner.com,Bigender,Voolith,Khmer,12-1807607,Mr
779,Tamara,Bultitude,tbultitudelm@intel.com,Genderfluid,Brainbox,Danish,58-9446488,Honorable
780,Maye,MacCollom,mmaccollomln@delicious.com,Polygender,Quaxo,Quechua,13-1684604,Dr
781,Ralf,Cattermole,rcattermolelo@infoseek.co.jp,Genderqueer,Oyoba,Czech,30-1393209,Mr
782,Wilhelmina,Chedzoy,wchedzoylp@gizmodo.com,Genderqueer,Twinte,Malayalam,92-4835974,Dr
783,Raynell,O'Fearguise,rofearguiselq@reddit.com,Genderqueer,Gigazoom,Malayalam,43-1606042,Mr
784,Sidoney,Cullip,sculliplr@google.es,Bigender,Quire,Kazakh,96-8071713,Ms
785,Emiline,Eastam,eeastamls@indiatimes.com,Female,BlogXS,Estonian,45-5912113,Ms
786,Cecile,Van den Dael,cvandendaellt@mozilla.com,Bigender,Yabox,Hebrew,73-0839448,Honorable
787,Lauree,McRamsey,lmcramseylu@mapy.cz,Polygender,Thoughtbeat,Bislama,43-1873190,Rev
788,Guinevere,Abram,gabramlv@yahoo.co.jp,Non-binary,Feedbug,Amharic,56-5378353,Mr
789,Maurizia,Gentry,mgentrylw@si.edu,Polygender,Centidel,Gujarati,72-6591774,Dr
790,Kendal,Melbury,kmelburylx@mapquest.com,Genderfluid,Twinte,Catalan,33-9687304,Mr
791,Sanders,Mulrenan,smulrenanly@soundcloud.com,Female,Skyndu,Nepali,53-3053424,Ms
792,Reagen,Jolliffe,rjolliffelz@spotify.com,Genderqueer,Layo,Oriya,63-5846128,Rev
793,Elisabet,Bussetti,ebussettim0@github.io,Male,Shuffletag,Marathi,39-9749050,Mrs
794,Trisha,Drissell,tdrissellm1@merriam-webster.com,Non-binary,Browsecat,Dari,23-4494478,Rev
795,Juli,Mortlock,jmortlockm2@umich.edu,Genderqueer,Divape,Mongolian,32-2421141,Mrs
796,Michail,McLinden,mmclindenm3@webnode.com,Bigender,Cogilith,Korean,83-6666700,Mr
797,Alena,Boules,aboulesm4@stanford.edu,Female,Devpulse,Māori,65-1569705,Honorable
798,Rozanne,Stockill,rstockillm5@lulu.com,Female,Aivee,Dhivehi,75-0378549,Mr
799,Opaline,Taye,otayem6@addthis.com,Non-binary,Skibox,Tok Pisin,63-4431550,Rev
800,Dominic,Trundell,dtrundellm7@cbc.ca,Female,Gabtype,Arabic,09-1369250,Honorable
801,Vanessa,Cattlemull,vcattlemullm8@yelp.com,Genderfluid,Linklinks,Assamese,61-0654347,Ms
802,Sybila,Amoore,samoorem9@biglobe.ne.jp,Polygender,Gevee,Bosnian,06-6894333,Rev
803,Christoffer,Mollindinia,cmollindiniama@businessweek.com,Polygender,Chatterbridge,Gujarati,72-7904483,Mrs
804,Valenka,Tott,vtottmb@ovh.net,Bigender,Eire,Amharic,55-6475779,Honorable
805,Lorilee,Wenger,lwengermc@ca.gov,Polygender,Pixope,Aymara,43-8440453,Mr
806,Lindy,Norquay,lnorquaymd@yelp.com,Non-binary,Realcube,Montenegrin,94-0123474,Rev
807,Katuscha,Robertazzi,krobertazzime@go.com,Polygender,Mita,Kashmiri,15-9571279,Ms
808,Christina,Widdall,cwiddallmf@sbwire.com,Bigender,Youspan,Georgian,55-7331800,Mr
809,Myrna,Gothrup,mgothrupmg@senate.gov,Genderqueer,Voolith,Maltese,87-9630013,Mrs
810,Etan,Salmond,esalmondmh@redcross.org,Agender,Dablist,Bislama,21-7559437,Honorable
811,Bren,Carvell,bcarvellmi@fema.gov,Polygender,Skippad,Oriya,98-6818860,Dr
812,Van,Etheredge,vetheredgemj@last.fm,Genderfluid,Tambee,Dzongkha,68-0351129,Mr
813,Birk,Slingsby,bslingsbymk@upenn.edu,Bigender,Aibox,Marathi,42-2663664,Ms
814,Merrilee,Grahl,mgrahlml@kickstarter.com,Genderqueer,Voonder,Irish Gaelic,23-8114558,Mr
815,Meredithe,Durber,mdurbermm@altervista.org,Genderqueer,Bluezoom,Portuguese,34-7060056,Honorable
816,Daffie,Corriea,dcorrieamn@prnewswire.com,Polygender,Jetwire,Oriya,06-9468902,Rev
817,Inesita,Spinola,ispinolamo@arstechnica.com,Genderqueer,Rhybox,Finnish,22-4489694,Mr
818,Benedikt,Solloway,bsollowaymp@walmart.com,Female,Trudoo,Fijian,38-5566991,Ms
819,Hildagarde,Fearey,hfeareymq@so-net.ne.jp,Polygender,Digitube,Bengali,13-5933160,Rev
820,Cyrill,Geeritz,cgeeritzmr@alibaba.com,Non-binary,Abata,Assamese,52-0033440,Dr
821,Hestia,Cristofor,hcristoforms@blogger.com,Agender,Feedfish,Arabic,69-0760275,Rev
822,Tadio,Charpin,tcharpinmt@seesaa.net,Genderqueer,Skibox,Icelandic,86-8184289,Mrs
823,Guenevere,Blayney,gblayneymu@etsy.com,Non-binary,Gabspot,Irish Gaelic,08-0755811,Mr
824,Crystal,Rasor,crasormv@google.com.au,Agender,Devcast,New Zealand Sign Language,59-3705173,Honorable
825,Lida,Maidstone,lmaidstonemw@sina.com.cn,Genderfluid,Buzzshare,Fijian,54-6247078,Mrs
826,Cristobal,Huttley,chuttleymx@goodreads.com,Male,Buzzbean,Telugu,65-3900245,Ms
827,Rikki,Stoodley,rstoodleymy@ning.com,Polygender,Aibox,Dutch,06-8474024,Dr
828,Llewellyn,Copeman,lcopemanmz@geocities.jp,Genderfluid,Dynabox,Indonesian,95-6371044,Mr
829,Bernardine,Wedge,bwedgen0@tinypic.com,Genderfluid,Twitterbeat,Icelandic,08-7280292,Mr
830,Ralph,Phillip,rphillipn1@flavors.me,Genderfluid,Voonder,Azeri,47-9979544,Honorable
831,Way,Hoodless,whoodlessn2@ox.ac.uk,Non-binary,Divape,West Frisian,33-1970766,Ms
832,Doroteya,Renals,drenalsn3@princeton.edu,Male,Skimia,West Frisian,82-4399046,Mrs
833,Allister,Frier,afriern4@nytimes.com,Agender,Agimba,Papiamento,78-3737044,Rev
834,Tabitha,Lilly,tlillyn5@weibo.com,Female,Bubblebox,Hungarian,14-6430353,Dr
835,Nicko,Goodsell,ngoodselln6@example.com,Female,Gabspot,Hungarian,62-3929619,Mr
836,Pace,Di Pietro,pdipietron7@ted.com,Male,Ozu,Arabic,52-5530957,Mr
837,Juditha,D'Alesco,jdalescon8@cnbc.com,Bigender,Jabbercube,Hindi,90-3324533,Mrs
838,Artus,Waldram,awaldramn9@dot.gov,Female,Trupe,Bislama,39-8296773,Ms
839,Nickie,Gummer,ngummerna@forbes.com,Male,Trunyx,Norwegian,29-4019666,Mr
840,Tiffie,Coffin,tcoffinnb@sakura.ne.jp,Agender,Oyoyo,Swahili,88-7628501,Mrs
841,Katha,Hallatt,khallattnc@cbsnews.com,Polygender,Thoughtblab,Oriya,05-8528644,Ms
842,Casie,McParland,cmcparlandnd@washingtonpost.com,Agender,Wikizz,Bengali,27-2609905,Dr
843,Alisun,Danilchik,adanilchikne@google.es,Genderqueer,Fivespan,Swati,33-4821036,Mr
844,Allistir,Aslett,aaslettnf@sbwire.com,Polygender,Buzzshare,Greek,57-7659870,Rev
845,Zacharia,Risborough,zrisboroughng@twitter.com,Agender,Kamba,Dutch,01-8333812,Ms
846,Syman,Frape,sfrapenh@nps.gov,Male,Vinte,Northern Sotho,89-5914707,Dr
847,Harlene,Jamieson,hjamiesonni@telegraph.co.uk,Agender,Zoomdog,Northern Sotho,75-9497049,Ms
848,Kay,Cartman,kcartmannj@fastcompany.com,Female,Gevee,Ndebele,27-9634430,Rev
849,Jen,Storcke,jstorckenk@barnesandnoble.com,Agender,Mycat,Oriya,78-8270155,Dr
850,Griff,Ricci,griccinl@chicagotribune.com,Genderfluid,Ntag,Tamil,26-9218646,Mr
851,Alia,McCallister,amccallisternm@bbb.org,Bigender,JumpXS,Maltese,85-9395577,Rev
852,Ermina,Dudny,edudnynn@pen.io,Male,Quatz,Malay,20-5254478,Honorable
853,Abba,Pigden,apigdenno@theglobeandmail.com,Non-binary,Tavu,Dutch,80-9280577,Honorable
854,Candy,Hugk,chugknp@seesaa.net,Bigender,Wikivu,Tajik,50-1008704,Dr
855,Daryle,Spridgen,dspridgennq@yahoo.co.jp,Genderqueer,Yodo,Fijian,45-4373084,Rev
856,Kyle,Kembery,kkemberynr@dropbox.com,Genderqueer,Jaloo,Azeri,58-1923456,Honorable
857,Noelle,Sorro,nsorrons@booking.com,Polygender,Pixope,Māori,35-6008506,Dr
858,Cinda,Berthe,cberthent@patch.com,Genderfluid,Skyba,Hungarian,69-2451477,Rev
859,Borg,McLoughlin,bmcloughlinnu@businesswire.com,Female,Twitterbeat,Tswana,37-6618271,Dr
860,Wenona,McClenan,wmcclenannv@cdc.gov,Genderqueer,Rhynoodle,Sotho,73-9013390,Dr
861,Darryl,Walkden,dwalkdennw@auda.org.au,Genderqueer,Jaxbean,Bulgarian,25-9471753,Mr
862,Bernita,Huband,bhubandnx@yelp.com,Genderfluid,Demizz,Hiri Motu,74-4566273,Mrs
863,Neille,Rendbaek,nrendbaekny@shutterfly.com,Genderqueer,Edgetag,Lithuanian,21-0522875,Ms
864,Aleta,Cahalin,acahalinnz@biglobe.ne.jp,Genderqueer,Jaloo,Assamese,99-9903464,Dr
865,Tomas,Drummond,tdrummondo0@feedburner.com,Non-binary,Babblestorm,Dzongkha,02-9910942,Mrs
866,Austina,Vigers,avigerso1@google.it,Non-binary,Skalith,Oriya,21-4265425,Honorable
867,Prudi,Berendsen,pberendseno2@economist.com,Polygender,Gabtune,Quechua,22-8995394,Honorable
868,Zebulon,Barlthrop,zbarlthropo3@auda.org.au,Bigender,Topicware,Malagasy,59-4468211,Mr
869,Brian,Klimochkin,bklimochkino4@fotki.com,Agender,Flashset,German,34-5296921,Mrs
870,Curcio,Toop,ctoopo5@squarespace.com,Male,Kazu,Quechua,64-6852692,Mr
871,Fina,Jiranek,fjiraneko6@zimbio.com,Genderfluid,Fiveclub,Romanian,09-8523316,Ms
872,Riley,Kunkel,rkunkelo7@economist.com,Bigender,Edgeclub,Persian,93-5419273,Ms
873,Lewiss,Agett,lagetto8@flavors.me,Bigender,Browsetype,Persian,09-6926103,Rev
874,Annabella,Girardy,agirardyo9@si.edu,Genderfluid,Eazzy,Kurdish,29-8469209,Honorable
875,Desiri,Grichukhanov,dgrichukhanovoa@amazon.co.uk,Genderfluid,Jayo,Indonesian,67-0269142,Honorable
876,Demetrius,Guage,dguageob@paginegialle.it,Female,Linkbridge,Kashmiri,82-5665355,Mrs
877,Randee,Staner,rstaneroc@usda.gov,Male,Meetz,Arabic,48-3773964,Rev
878,Florella,Doleman,fdolemanod@eventbrite.com,Female,Linkbridge,Quechua,99-3167226,Mr
879,Templeton,Skurray,tskurrayoe@businesswire.com,Genderfluid,Oba,Norwegian,80-4379716,Dr
880,Sven,Tregaskis,stregaskisof@51.la,Non-binary,Gabvine,Thai,19-7045817,Dr
881,Starla,Mainwaring,smainwaringog@dedecms.com,Agender,Topiczoom,Croatian,13-7009316,Honorable
882,Tiffanie,McDugal,tmcdugaloh@google.es,Polygender,Twinte,Hiri Motu,12-5251539,Mrs
883,Rosalynd,Schneider,rschneideroi@ucoz.ru,Genderfluid,Vitz,Tswana,11-9812255,Dr
884,Rance,Gisbourn,rgisbournoj@quantcast.com,Female,Zoonoodle,Tetum,82-2719502,Mrs
885,Magdaia,Mephan,mmephanok@epa.gov,Agender,Zoomzone,Filipino,54-2987122,Rev
886,Graham,Ruegg,grueggol@pbs.org,Male,Devbug,Azeri,34-6498310,Mr
887,Nicol,Slocket,nslocketom@barnesandnoble.com,Agender,Devshare,Icelandic,79-1088537,Ms
888,Anneliese,Baiss,abaisson@scribd.com,Female,Kwinu,Japanese,14-4553210,Mr
889,Marilee,de Courcy,mdecourcyoo@netvibes.com,Agender,Livepath,Ndebele,11-0996278,Honorable
890,Yanaton,Redmayne,yredmayneop@cpanel.net,Genderqueer,Oyoloo,Kashmiri,55-7779864,Dr
891,Aubrette,Catt,acattoq@sogou.com,Genderqueer,Oozz,Pashto,84-6620907,Rev
892,Pietrek,Nottingam,pnottingamor@blog.com,Female,Livetube,Macedonian,91-1247836,Mr
893,Stephana,Maggorini,smaggorinios@bloglines.com,Male,Dabshots,Lao,55-0279986,Ms
894,Luci,Carrett,lcarrettot@loc.gov,Agender,Kazio,Filipino,71-6478589,Mrs
895,Van,McNess,vmcnessou@disqus.com,Polygender,Realbuzz,Korean,70-9875276,Rev
896,Charlton,Reichartz,creichartzov@linkedin.com,Female,Youbridge,Tetum,72-0091152,Rev
897,Rogers,Josovitz,rjosovitzow@forbes.com,Agender,Buzzster,Fijian,03-4179256,Rev
898,Rafael,Kniveton,rknivetonox@last.fm,Female,Aimbo,Icelandic,42-4112645,Honorable
899,Ardyce,MacFadden,amacfaddenoy@sun.com,Non-binary,Browsezoom,Dari,52-7209000,Rev
900,Miranda,Minchella,mminchellaoz@myspace.com,Non-binary,Meezzy,Macedonian,61-9738078,Honorable
901,Tabb,Osborn,tosbornp0@prweb.com,Male,Vipe,Croatian,81-4099689,Mr
902,Aubert,Filipovic,afilipovicp1@thetimes.co.uk,Genderfluid,Camido,Kannada,09-3369892,Honorable
903,Cesar,Aukland,cauklandp2@zimbio.com,Genderqueer,Twimbo,Papiamento,23-6314361,Ms
904,Nicki,Crommett,ncrommettp3@sitemeter.com,Male,Twitterbridge,Lithuanian,42-7465659,Ms
905,Candace,Allitt,callittp4@pen.io,Non-binary,Gigabox,Punjabi,67-3488004,Rev
906,Camella,Bulle,cbullep5@biblegateway.com,Male,Twitterlist,Hungarian,92-0248268,Ms
907,Hayward,Oldnall,holdnallp6@zimbio.com,Bigender,Jabbersphere,Persian,67-8512766,Honorable
908,Georgi,Fergyson,gfergysonp7@jigsy.com,Agender,Pixonyx,Malay,47-4739638,Dr
909,Wit,Petrillo,wpetrillop8@latimes.com,Non-binary,Oyoloo,Italian,00-9331507,Dr
910,Claudius,Winspur,cwinspurp9@domainmarket.com,Genderqueer,Dablist,Malay,47-5179743,Ms
911,Jeffry,Whenham,jwhenhampa@apple.com,Non-binary,Chatterbridge,Luxembourgish,06-8564421,Rev
912,Diana,Ratter,dratterpb@about.com,Genderfluid,Riffpath,New Zealand Sign Language,05-2933625,Dr
913,Hakeem,Brychan,hbrychanpc@ca.gov,Male,Meemm,Belarusian,38-1731863,Honorable
914,Cyndi,Bilyard,cbilyardpd@nydailynews.com,Non-binary,Eayo,Japanese,82-0201534,Ms
915,Read,Sture,rsturepe@nifty.com,Bigender,Thoughtworks,Hindi,86-7549341,Mrs
916,Scarface,Ribchester,sribchesterpf@narod.ru,Male,Snaptags,Punjabi,46-0508524,Rev
917,Josee,Mount,jmountpg@com.com,Male,Yabox,New Zealand Sign Language,23-2355844,Mr
918,Nevile,Dellenty,ndellentyph@examiner.com,Male,Fivebridge,Haitian Creole,38-9167058,Ms
919,Kiri,Ivanyushin,kivanyushinpi@craigslist.org,Genderfluid,Gabtune,Thai,44-3986167,Mrs
920,Byrann,Bouchier,bbouchierpj@cocolog-nifty.com,Genderqueer,Aimbu,Gujarati,58-7367515,Mrs
921,Gideon,Brusby,gbrusbypk@ocn.ne.jp,Male,InnoZ,Finnish,45-5535437,Mr
922,Mace,Roy,mroypl@ustream.tv,Agender,Edgeblab,Tamil,83-4223892,Honorable
923,Sargent,Yandle,syandlepm@archive.org,Genderqueer,Youtags,Punjabi,23-0174278,Mrs
924,Kara-lynn,Little,klittlepn@state.tx.us,Bigender,Skibox,Dhivehi,86-8013075,Honorable
925,Rufe,Thridgould,rthridgouldpo@ucla.edu,Genderfluid,Meedoo,Kyrgyz,86-3797446,Honorable
926,Bernadene,Gethyn,bgethynpp@wikimedia.org,Bigender,Vitz,Hiri Motu,22-0050597,Mrs
927,Dulcia,Beincken,dbeinckenpq@prlog.org,Agender,Photobug,Spanish,56-7456928,Mrs
928,Monroe,Baume,mbaumepr@rediff.com,Genderfluid,Blogtag,Filipino,74-9686753,Honorable
929,Samaria,Anderl,sanderlps@php.net,Genderqueer,Buzzshare,Swedish,56-9066407,Honorable
930,Maridel,Mendoza,mmendozapt@techcrunch.com,Genderfluid,Ailane,Fijian,98-6046815,Mrs
931,Elise,O'Farrell,eofarrellpu@list-manage.com,Genderqueer,Topdrive,Macedonian,16-0687634,Mr
932,Will,Argont,wargontpv@dyndns.org,Genderqueer,Gabspot,Malayalam,85-0965521,Ms
933,Gaultiero,Dy,gdypw@csmonitor.com,Polygender,Cogidoo,Swahili,97-8209988,Dr
934,Armstrong,Brimilcome,abrimilcomepx@webmd.com,Non-binary,Eamia,Gagauz,81-4410679,Dr
935,Sharl,Keilloh,skeillohpy@wikia.com,Bigender,Dabtype,Marathi,04-1698660,Dr
936,Sioux,Willshear,swillshearpz@cnn.com,Genderqueer,Snaptags,Yiddish,71-9245947,Ms
937,Austine,Goodred,agoodredq0@pbs.org,Non-binary,Fatz,Montenegrin,19-7273717,Dr
938,Danell,Sarre,dsarreq1@aboutads.info,Female,Edgepulse,Swahili,82-2980328,Rev
939,Gayel,Pinnijar,gpinnijarq2@yahoo.com,Agender,Jaxbean,English,82-5938154,Rev
940,Revkah,Westbrook,rwestbrookq3@bravesites.com,Genderfluid,Twitternation,Tsonga,93-2416255,Dr
941,Fran,Mitchley,fmitchleyq4@hhs.gov,Polygender,Eimbee,Yiddish,78-4117157,Mr
942,Randy,Simmill,rsimmillq5@stumbleupon.com,Female,Jaxworks,German,85-5646180,Dr
943,Trumaine,McManus,tmcmanusq6@histats.com,Male,Abata,West Frisian,87-2324489,Honorable
944,Neville,Dumbare,ndumbareq7@gnu.org,Genderfluid,Ailane,Bengali,55-6236824,Dr
945,Matteo,Pledge,mpledgeq8@slideshare.net,Female,Feedfire,Greek,70-5641913,Ms
946,Darnell,Shilleto,dshilletoq9@tamu.edu,Polygender,Innojam,Moldovan,47-4046372,Ms
947,Yoshiko,Bilt,ybiltqa@sphinn.com,Agender,Realbuzz,Tsonga,39-0973581,Ms
948,Valentine,Bannell,vbannellqb@meetup.com,Polygender,Wordtune,Yiddish,08-6299840,Honorable
949,Tedd,Scruby,tscrubyqc@ed.gov,Genderqueer,Quimba,Kurdish,42-2230829,Dr
950,Berny,Headford,bheadfordqd@latimes.com,Non-binary,Devshare,Kurdish,17-0413462,Mr
951,Roshelle,Burgin,rburginqe@scientificamerican.com,Agender,Yakijo,Persian,87-8104607,Ms
952,Elmore,Woolston,ewoolstonqf@canalblog.com,Polygender,Buzzdog,Aymara,15-5110941,Honorable
953,Lianna,Gravenell,lgravenellqg@gmpg.org,Female,Fliptune,Hebrew,48-5294810,Mr
954,Starr,Treend,streendqh@blogs.com,Genderqueer,Quimm,Swedish,48-6270110,Mr
955,Etta,Asche,eascheqi@noaa.gov,Bigender,Jatri,French,25-9564764,Rev
956,Sebastiano,Zanuciolii,szanucioliiqj@wikipedia.org,Male,Rhycero,Georgian,32-1895448,Mrs
957,Mathew,Veld,mveldqk@mediafire.com,Genderfluid,Chatterbridge,Bosnian,08-7437825,Ms
958,Dawn,Reignolds,dreignoldsql@addtoany.com,Polygender,Vipe,German,80-5269782,Dr
959,Gabrielle,Ludlem,gludlemqm@ycombinator.com,Genderfluid,Npath,Bulgarian,71-0486829,Honorable
960,Cecil,Brewse,cbrewseqn@friendfeed.com,Agender,Kamba,Pashto,12-2338015,Dr
961,Missie,Gillbee,mgillbeeqo@youtube.com,Bigender,Latz,Indonesian,38-9433088,Honorable
962,Desiri,McEllen,dmcellenqp@marketwatch.com,Agender,Blogspan,Icelandic,15-7373786,Dr
963,Terrence,Engall,tengallqq@domainmarket.com,Male,Camimbo,Sotho,64-8011179,Mrs
964,Friederike,Stanman,fstanmanqr@theguardian.com,Agender,Wordpedia,Finnish,20-7700023,Honorable
965,Chloe,Sedman,csedmanqs@chicagotribune.com,Male,Twitterworks,Dhivehi,77-7007052,Mrs
966,Wallache,Grent,wgrentqt@edublogs.org,Female,Pixonyx,Bengali,88-7577893,Ms
967,Analise,Delve,adelvequ@mac.com,Non-binary,Photolist,French,11-0307333,Ms
968,Jacinthe,Smittoune,jsmittouneqv@yahoo.co.jp,Female,Aimbo,Nepali,16-5718968,Mr
969,Julissa,Ungaretti,jungarettiqw@xinhuanet.com,Non-binary,Centizu,Gujarati,58-8997338,Honorable
970,Gayelord,Rickard,grickardqx@rakuten.co.jp,Female,Jetwire,Greek,81-0234618,Mrs
971,Renata,Shugg,rshuggqy@ovh.net,Female,BlogXS,Spanish,34-8195593,Honorable
972,Egor,Biggans,ebiggansqz@disqus.com,Genderqueer,Rhycero,Bengali,06-2669915,Dr
973,Roarke,Reeks,rreeksr0@altervista.org,Non-binary,Plajo,Māori,88-8613828,Ms
974,Cindelyn,Cattow,ccattowr1@elegantthemes.com,Genderfluid,Snaptags,Latvian,82-9211415,Rev
975,Jasun,Cashen,jcashenr2@unblog.fr,Bigender,Plajo,Norwegian,28-6747067,Mr
976,Deva,Tomini,dtominir3@tumblr.com,Agender,Rhycero,Tsonga,78-3961334,Ms
977,Joanie,Row,jrowr4@un.org,Bigender,Buzzbean,German,51-3048225,Mrs
978,Dolli,Littleproud,dlittleproudr5@php.net,Male,Gigaclub,Guaraní,06-3962397,Dr
979,Benny,Campanelle,bcampaneller6@tamu.edu,Agender,Voomm,Maltese,48-4174234,Mr
980,Talyah,Hrishchenko,thrishchenkor7@google.fr,Agender,Shufflebeat,Gujarati,14-8963836,Honorable
981,Cecilio,Whitelaw,cwhitelawr8@xrea.com,Polygender,Oyoloo,Polish,64-9461411,Honorable
982,Thalia,Studd,tstuddr9@pagesperso-orange.fr,Male,Photojam,Norwegian,63-1046722,Honorable
983,Berkly,Kemetz,bkemetzra@businessweek.com,Genderfluid,DabZ,Oriya,39-9124223,Dr
984,Janet,Linner,jlinnerrb@wired.com,Bigender,Fiveclub,Dutch,81-0352320,Mrs
985,Becca,Hessle,bhesslerc@artisteer.com,Male,Twiyo,Estonian,00-3777383,Ms
986,Hunfredo,Harrhy,hharrhyrd@cafepress.com,Genderqueer,Aimbu,Maltese,83-1912410,Rev
987,Georgianna,Stickland,gsticklandre@rambler.ru,Female,Buzzshare,Papiamento,75-7596760,Honorable
988,Mattheus,Baison,mbaisonrf@dedecms.com,Polygender,Eayo,Malagasy,99-5177080,Dr
989,Crystie,Atchly,catchlyrg@newsvine.com,Genderqueer,Youtags,Haitian Creole,14-9697427,Honorable
990,Elke,Clubley,eclubleyrh@cnet.com,Genderfluid,Meeveo,Bosnian,92-7473758,Honorable
991,Lorenza,Peret,lperetri@comcast.net,Agender,Thoughtstorm,Gujarati,89-7119347,Mrs
992,Zebedee,Rocks,zrocksrj@reference.com,Genderfluid,Oba,Quechua,55-2338630,Mrs
993,Sibeal,Saltman,ssaltmanrk@dailymail.co.uk,Female,Jayo,Bislama,27-1057005,Dr
994,Spense,Puddle,spuddlerl@blogspot.com,Genderfluid,Jabberstorm,Portuguese,36-3149980,Mr
995,Lenee,Zanetti,lzanettirm@mashable.com,Female,Photobug,Macedonian,78-7970624,Dr
996,Chrissie,Whitehouse,cwhitehousern@histats.com,Female,Jabbertype,Finnish,62-8064705,Rev
997,Eolanda,Gorthy,egorthyro@linkedin.com,Non-binary,Rhycero,Moldovan,78-3718363,Honorable
998,Cos,Dresche,cdrescherp@freewebs.com,Female,Quamba,Sotho,29-5687800,Rev
999,Alistair,Haddleton,ahaddletonrq@moonfruit.com,Female,Oyope,Mongolian,46-1678005,Mr
1000,Ford,Baskerfield,fbaskerfieldrr@cbc.ca,Genderqueer,Twitterwire,Papiamento,50-1788574,Mrs
